product_id,seller_id,stock_count
c7a4e539-2eee-4368-9216-2af47514b4ef,2ae0e344-335e-48dc-a979-b6841551cb58,28
f866bd10-292b-4dc4-bf61-07fcf89999d9,b8074882-4bbf-4de2-bc7b-6358980f7668,33
b8afce90-7d6b-4b20-a1f7-5834e03332d7,262d5fe1-c483-4fdb-b5a7-8097909a6ced,32
fc1efb8f-f18b-464e-9258-e7f198c04d17,67d3bfaa-4d5c-401a-af45-e22d17e5f4f9,49
0e585341-438c-4b0d-910b-a4a265cee420,696875c2-e7bb-4447-8d46-cea71fd6c292,12
f866bd10-292b-4dc4-bf61-07fcf89999d9,893d77a8-083c-4f11-ace0-9dd8602f6561,20
7d49d534-22f4-4dd7-9648-b8a4a693086e,262d5fe1-c483-4fdb-b5a7-8097909a6ced,40
2beff75f-39d4-4230-b015-77f558d609ba,714556bd-4ece-4237-b8a6-f9afa274797f,42
b9e96b5b-ff5d-4672-b756-6b29f42ca292,2d9205f9-cb97-44e7-bf16-ca2f533fc8df,5
89244e9b-431f-47d1-9609-d7ef8c38da30,b8074882-4bbf-4de2-bc7b-6358980f7668,37
c5d461ab-59d9-44c4-b509-61d9037d7916,696875c2-e7bb-4447-8d46-cea71fd6c292,10
7d49d534-22f4-4dd7-9648-b8a4a693086e,16fd3dea-7daf-40e0-b629-983818b2e20f,15
7b6609b2-a353-4946-ab27-baed336023a0,8056b8f1-523b-433e-82e1-6a8ffa20fd40,42
3fb6d14d-b0d6-4a2f-a86a-438ab6ffc9c7,375c30d2-23f3-4b5a-8464-0050ac8775a7,9
b9e96b5b-ff5d-4672-b756-6b29f42ca292,b019bfee-0336-4125-8e26-767b4ea10af7,19
01f99d76-b97b-4ae3-98c8-8091c58ef32b,a8a3561a-b20d-421c-ada0-8c7872ffbd28,15
8c1f2869-61ad-46b1-8823-1e53b3288cda,2d9205f9-cb97-44e7-bf16-ca2f533fc8df,42
91c32b89-9f7c-4898-9ef9-e7e991fdd96b,67d3bfaa-4d5c-401a-af45-e22d17e5f4f9,3
b9e96b5b-ff5d-4672-b756-6b29f42ca292,44bebaa1-d12e-4d7e-93ce-657cabe0ae40,30
4880082c-ce15-4f76-87c3-c543010bb085,0feac56d-b036-47b5-b9ac-c450bf29650a,22
300c60f3-b199-4627-baeb-36de56d396fb,262d5fe1-c483-4fdb-b5a7-8097909a6ced,20
fc1efb8f-f18b-464e-9258-e7f198c04d17,443362c5-9053-459b-92fd-7e19db4ef52b,5
c7a4e539-2eee-4368-9216-2af47514b4ef,4be07a2b-6045-44a5-9ab6-935f4a1e86c1,48
363bcb79-ca33-4b0e-a3c2-92e91997d921,262d5fe1-c483-4fdb-b5a7-8097909a6ced,8
d9c44d87-2cb5-475f-94cb-56d6dcc0934c,a8a3561a-b20d-421c-ada0-8c7872ffbd28,9
62e3fa40-4a4a-4d04-9a09-1bbbe0cec879,2d9205f9-cb97-44e7-bf16-ca2f533fc8df,44
0e585341-438c-4b0d-910b-a4a265cee420,a8a3561a-b20d-421c-ada0-8c7872ffbd28,32
2beff75f-39d4-4230-b015-77f558d609ba,0feac56d-b036-47b5-b9ac-c450bf29650a,16
a6983048-915d-4da6-b0d8-728264b71a70,b019bfee-0336-4125-8e26-767b4ea10af7,47
cbe5f998-6866-4423-8708-616416fe1c49,b8074882-4bbf-4de2-bc7b-6358980f7668,29
09a319a4-5616-4597-9457-ecfd09353395,7a0db560-d488-4880-8aa4-461128d12cd3,38
c2c2dd84-0052-4823-a983-f803d4154060,b019bfee-0336-4125-8e26-767b4ea10af7,41
01f99d76-b97b-4ae3-98c8-8091c58ef32b,714556bd-4ece-4237-b8a6-f9afa274797f,47
a6983048-915d-4da6-b0d8-728264b71a70,44bebaa1-d12e-4d7e-93ce-657cabe0ae40,20
d0fe57a2-d1e3-4174-bea4-358f662ae1a7,262d5fe1-c483-4fdb-b5a7-8097909a6ced,19
7d49d534-22f4-4dd7-9648-b8a4a693086e,443362c5-9053-459b-92fd-7e19db4ef52b,12
cbe5f998-6866-4423-8708-616416fe1c49,893d77a8-083c-4f11-ace0-9dd8602f6561,21
363bcb79-ca33-4b0e-a3c2-92e91997d921,16fd3dea-7daf-40e0-b629-983818b2e20f,9
d15ca868-4f26-4bc2-8159-b618b051e2f1,7a0db560-d488-4880-8aa4-461128d12cd3,1
4880082c-ce15-4f76-87c3-c543010bb085,8056b8f1-523b-433e-82e1-6a8ffa20fd40,1
c2c2dd84-0052-4823-a983-f803d4154060,44bebaa1-d12e-4d7e-93ce-657cabe0ae40,16
b9e96b5b-ff5d-4672-b756-6b29f42ca292,1e64c9f6-281a-4910-af72-96e9b5c03176,36
62e3fa40-4a4a-4d04-9a09-1bbbe0cec879,375c30d2-23f3-4b5a-8464-0050ac8775a7,45
d9c44d87-2cb5-475f-94cb-56d6dcc0934c,714556bd-4ece-4237-b8a6-f9afa274797f,42
2beff75f-39d4-4230-b015-77f558d609ba,2ae0e344-335e-48dc-a979-b6841551cb58,4
91c32b89-9f7c-4898-9ef9-e7e991fdd96b,443362c5-9053-459b-92fd-7e19db4ef52b,26
cd97ad9e-12f9-4140-9190-8c36c207d386,b8074882-4bbf-4de2-bc7b-6358980f7668,29
b0c15eb6-2a43-4c5f-8058-5b2b61e93299,262d5fe1-c483-4fdb-b5a7-8097909a6ced,48
b9e96b5b-ff5d-4672-b756-6b29f42ca292,696875c2-e7bb-4447-8d46-cea71fd6c292,18
a6983048-915d-4da6-b0d8-728264b71a70,1e64c9f6-281a-4910-af72-96e9b5c03176,8
b8afce90-7d6b-4b20-a1f7-5834e03332d7,0feac56d-b036-47b5-b9ac-c450bf29650a,36
a6983048-915d-4da6-b0d8-728264b71a70,696875c2-e7bb-4447-8d46-cea71fd6c292,26
b087ab0e-3486-4712-97c4-f70b5800359e,b019bfee-0336-4125-8e26-767b4ea10af7,20
e6d78460-25f8-4895-8a58-b105a1895bb3,b8074882-4bbf-4de2-bc7b-6358980f7668,17
c2c2dd84-0052-4823-a983-f803d4154060,696875c2-e7bb-4447-8d46-cea71fd6c292,43
91c32b89-9f7c-4898-9ef9-e7e5c1fdd96b,7a0db560-d488-4880-8aa4-461128d12cd3,47
01f99d76-b97b-4ae3-98c8-8091c58ef32b,711cf533-a051-46a4-9c6f-e22e5d993c0c,34
b087ab0e-3486-4712-97c4-f70b5800359e,44bebaa1-d12e-4d7e-93ce-657cabe0ae40,46
b8afce90-7d6b-4b20-a1f7-5834e03332d7,8056b8f1-523b-433e-82e1-6a8ffa20fd40,3
01f99d76-b97b-4ae3-98c8-8091c58ef32b,2ae0e344-335e-48dc-a979-b6841551cb58,6
0e585341-438c-4b0d-910b-a4a265cee420,67d3bfaa-4d5c-401a-af45-e22d17e5f4f9,4
d9c44d87-2cb5-475f-94cb-56d6dcc0934c,711cf533-a051-46a4-9c6f-e22e5d993c0c,41
6908714d-b5c8-49d2-aa06-97b138ac72f4,7a0db560-d488-4880-8aa4-461128d12cd3,17
cab3537b-3ab6-43d4-a58e-f771d3a4fe11,714556bd-4ece-4237-b8a6-f9afa274797f,16
d9c44d87-2cb5-475f-94cb-56d6dcc0934c,2ae0e344-335e-48dc-a979-b6841551cb58,47
89244e9b-431f-47d1-9609-d7ef8c38da30,375c30d2-23f3-4b5a-8464-0050ac8775a7,44
300c60f3-b199-4627-baeb-36de56d396fb,0feac56d-b036-47b5-b9ac-c450bf29650a,17
c5d461ab-59d9-44c4-b509-61d9037d7916,67d3bfaa-4d5c-401a-af45-e22d17e5f4f9,12
b087ab0e-3486-4712-97c4-f70b5800359e,1e64c9f6-281a-4910-af72-96e9b5c03176,2
c5d461ab-59d9-44c4-b509-61d9037d7916,16fd3dea-7daf-40e0-b629-983818b2e20f,19
4ce49aba-2144-4aed-9722-835c612ce505,a8a3561a-b20d-421c-ada0-8c7872ffbd28,45
d0fe57a2-d1e3-4174-bea4-358f662ae1a7,0feac56d-b036-47b5-b9ac-c450bf29650a,33
66e78767-d40e-48fb-b169-51485ddd9022,7a0db560-d488-4880-8aa4-461128d12cd3,26
b087ab0e-3486-4712-97c4-f70b5800359e,696875c2-e7bb-4447-8d46-cea71fd6c292,11
300c60f3-b199-4627-baeb-36de56d396fb,8056b8f1-523b-433e-82e1-6a8ffa20fd40,3
5fc9d378-f866-49ca-b6af-a516ccba8811,a8a3561a-b20d-421c-ada0-8c7872ffbd28,30
363bcb79-ca33-4b0e-a3c2-92e91997d921,8056b8f1-523b-433e-82e1-6a8ffa20fd40,26
0e585341-438c-4b0d-910b-a4a265cee420,443362c5-9053-459b-92fd-7e19db4ef52b,30
01f99d76-b97b-4ae3-98c8-8091c58ef32b,4be07a2b-6045-44a5-9ab6-935f4a1e86c1,46
23b8d3a7-326a-4a60-bc22-0bfa874354a8,b019bfee-0336-4125-8e26-767b4ea10af7,12
a3ee4ef2-b35d-4f56-a299-4ea0f6a05059,0feac56d-b036-47b5-b9ac-c450bf29650a,4
cab3537b-3ab6-43d4-a58e-f771d3a4fe11,0feac56d-b036-47b5-b9ac-c450bf29650a,30
a7471685-acb0-4b06-ae35-c3807153082e,a8a3561a-b20d-421c-ada0-8c7872ffbd28,23
b0c15eb6-2a43-4c5f-8058-5b2b61e93299,0feac56d-b036-47b5-b9ac-c450bf29650a,44
4ce49aba-2144-4aed-9722-835c612ce505,714556bd-4ece-4237-b8a6-f9afa274797f,47
d0fe57a2-d1e3-4174-bea4-358f662ae1a7,8056b8f1-523b-433e-82e1-6a8ffa20fd40,3
8d94cdc9-e74d-4cf6-9737-6bcb96b76912,0feac56d-b036-47b5-b9ac-c450bf29650a,41
d9c44d87-2cb5-475f-94cb-56d6dcc0934c,4be07a2b-6045-44a5-9ab6-935f4a1e86c1,30
09a319a4-5616-4597-9457-ecfd09353395,2d9205f9-cb97-44e7-bf16-ca2f533fc8df,13
c5d461ab-59d9-44c4-b509-61d9037d7916,443362c5-9053-459b-92fd-7e19db4ef52b,24
cab3537b-3ab6-43d4-a58e-f771d3a4fe11,711cf533-a051-46a4-9c6f-e22e5d993c0c,36
0e585341-438c-4b0d-910b-a4a265cee420,4be07a2b-6045-44a5-9ab6-935f4a1e86c1,26
c001e669-6bfa-42b3-a15b-650d90b52ece,b8074882-4bbf-4de2-bc7b-6358980f7668,7
5fc9d378-f866-49ca-b6af-a516ccba8811,714556bd-4ece-4237-b8a6-f9afa274797f,8
a3ee4ef2-b35d-4f56-a299-4ea0f6a05059,8056b8f1-523b-433e-82e1-6a8ffa20fd40,20
b9e96b5b-ff5d-4672-b756-6b29f42ca292,262d5fe1-c483-4fdb-b5a7-8097909a6ced,34
321f212c-82d9-4e7d-89ad-ce14a9dc4be5,b8074882-4bbf-4de2-bc7b-6358980f7668,28
cab3537b-3ab6-43d4-a58e-f771d3a4fe11,2ae0e344-335e-48dc-a979-b6841551cb58,10
cd97ad9e-12f9-4140-9190-8c36c207d386,375c30d2-23f3-4b5a-8464-0050ac8775a7,36
f6198779-2ac7-4977-b36f-bdb928a023b2,a8a3561a-b20d-421c-ada0-8c7872ffbd28,36
321f212c-82d9-4e7d-89ad-ce14a9dc4be5,893d77a8-083c-4f11-ace0-9dd8602f6561,3
b0c15eb6-2a43-4c5f-8058-5b2b61e93299,8056b8f1-523b-433e-82e1-6a8ffa20fd40,38
8d94cdc9-e74d-4cf6-9737-6bcb96b76912,8056b8f1-523b-433e-82e1-6a8ffa20fd40,40
b9e96b5b-ff5d-4672-b756-6b29f42ca292,16fd3dea-7daf-40e0-b629-983818b2e20f,25
c238fbe3-aa46-4bb2-b5a8-368b6c9e1334,2d9205f9-cb97-44e7-bf16-ca2f533fc8df,4
f866bd10-292b-4dc4-bf61-07fcf89999d9,b019bfee-0336-4125-8e26-767b4ea10af7,40
a6983048-915d-4da6-b0d8-728264b71a70,262d5fe1-c483-4fdb-b5a7-8097909a6ced,45
09a319a4-5616-4597-9457-ecfd09353395,44bebaa1-d12e-4d7e-93ce-657cabe0ae40,47
d15ca868-4f26-4bc2-8159-b618b051e2f1,b019bfee-0336-4125-8e26-767b4ea10af7,11
a6983048-915d-4da6-b0d8-728264b71a70,67d3bfaa-4d5c-401a-af45-e22d17e5f4f9,29
d15ca868-4f26-4bc2-8159-b618b051e2f1,44bebaa1-d12e-4d7e-93ce-657cabe0ae40,12
23b8d3a7-326a-4a60-bc22-0bfa874354a8,696875c2-e7bb-4447-8d46-cea71fd6c292,6
3fb6d14d-b0d6-4a2f-a86a-438ab6ffc9c7,a8a3561a-b20d-421c-ada0-8c7872ffbd28,16
cb8e195f-238f-422e-9e5c-164765dfcc9a,a8a3561a-b20d-421c-ada0-8c7872ffbd28,36
f6198779-2ac7-4977-b36f-bdb928a023b2,714556bd-4ece-4237-b8a6-f9afa274797f,30
e6d78460-25f8-4895-8a58-b105a1895bb3,375c30d2-23f3-4b5a-8464-0050ac8775a7,40
a6983048-915d-4da6-b0d8-728264b71a70,16fd3dea-7daf-40e0-b629-983818b2e20f,20
c2c2dd84-0052-4823-a983-f803d4154060,67d3bfaa-4d5c-401a-af45-e22d17e5f4f9,10
c2c2dd84-0052-4823-a983-f803d4154060,16fd3dea-7daf-40e0-b629-983818b2e20f,5
4ce49aba-2144-4aed-9722-835c612ce505,711cf533-a051-46a4-9c6f-e22e5d993c0c,3
64801cac-ce58-4324-a96a-9c392b5d1385,0feac56d-b036-47b5-b9ac-c450bf29650a,26
09a319a4-5616-4597-9457-ecfd09353395,1e64c9f6-281a-4910-af72-96e9b5c03176,42
4ce49aba-2144-4aed-9722-835c612ce505,2ae0e344-335e-48dc-a979-b6841551cb58,46
5fc9d378-f866-49ca-b6af-a516ccba8811,711cf533-a051-46a4-9c6f-e22e5d993c0c,44
a7471685-acb0-4b06-ae35-c3807153082e,67d3bfaa-4d5c-401a-af45-e22d17e5f4f9,7
d15ca868-4f26-4bc2-8159-b618b051e2f1,1e64c9f6-281a-4910-af72-96e9b5c03176,14
3fb6d14d-b0d6-4a2f-a86a-438ab6ffc9c7,714556bd-4ece-4237-b8a6-f9afa274797f,24
5018cc2d-d17d-46a3-95e5-5d3604804983,a8a3561a-b20d-421c-ada0-8c7872ffbd28,14
5fc9d378-f866-49ca-b6af-a516ccba8811,2ae0e344-335e-48dc-a979-b6841551cb58,10
a7471685-acb0-4b06-ae35-c3807153082e,711cf533-a051-46a4-9c6f-e22e5d993c0c,15
91c32b89-9f7c-4898-9ef9-e7e5c1fdd96b,b019bfee-0336-4125-8e26-767b4ea10af7,45
64801cac-ce58-4324-a96a-9c392b5d1385,8056b8f1-523b-433e-82e1-6a8ffa20fd40,10
6908714d-b5c8-49d2-aa06-97b138ac72f4,2d9205f9-cb97-44e7-bf16-ca2f533fc8df,17
f866bd10-292b-4dc4-bf61-07fcf89999d9,696875c2-e7bb-4447-8d46-cea71fd6c292,29
a6983048-915d-4da6-b0d8-728264b71a70,443362c5-9053-459b-92fd-7e19db4ef52b,31
d15ca868-4f26-4bc2-8159-b618b051e2f1,696875c2-e7bb-4447-8d46-cea71fd6c292,46
93a76885-35f4-4fa6-ad64-d3187d7250ec,0feac56d-b036-47b5-b9ac-c450bf29650a,25
91c32b89-9f7c-4898-9ef9-e7e5c1fdd96b,44bebaa1-d12e-4d7e-93ce-657cabe0ae40,3
c7a4e539-2eee-4368-9216-2af47514b4ef,7a0db560-d488-4880-8aa4-461128d12cd3,24
c2c2dd84-0052-4823-a983-f803d4154060,443362c5-9053-459b-92fd-7e19db4ef52b,2
4880082c-ce15-4f76-87c3-c543010bb085,b8074882-4bbf-4de2-bc7b-6358980f7668,46
b087ab0e-3486-4712-97c4-f70b5800359e,262d5fe1-c483-4fdb-b5a7-8097909a6ced,35
bcf1fd68-019e-4156-9891-764a00da9180,375c30d2-23f3-4b5a-8464-0050ac8775a7,5
5018cc2d-d17d-46a3-95e5-5d3604804983,714556bd-4ece-4237-b8a6-f9afa274797f,25
f6198779-2ac7-4977-b36f-bdb928a023b2,711cf533-a051-46a4-9c6f-e22e5d993c0c,48
2beff75f-39d4-4230-b015-77f558d609ba,b8074882-4bbf-4de2-bc7b-6358980f7668,21
b087ab0e-3486-4712-97c4-f70b5800359e,16fd3dea-7daf-40e0-b629-983818b2e20f,4
fc1efb8f-f18b-464e-9258-e7f198c04d17,7a0db560-d488-4880-8aa4-461128d12cd3,32
f6198779-2ac7-4977-b36f-bdb928a023b2,2ae0e344-335e-48dc-a979-b6841551cb58,10
2beff75f-39d4-4230-b015-77f558d609ba,893d77a8-083c-4f11-ace0-9dd8602f6561,45
66e78767-d40e-48fb-b169-51485ddd9022,2d9205f9-cb97-44e7-bf16-ca2f533fc8df,34
93a76885-35f4-4fa6-ad64-d3187d7250ec,8056b8f1-523b-433e-82e1-6a8ffa20fd40,14
4ce49aba-2144-4aed-9722-835c612ce505,4be07a2b-6045-44a5-9ab6-935f4a1e86c1,30
6908714d-b5c8-49d2-aa06-97b138ac72f4,44bebaa1-d12e-4d7e-93ce-657cabe0ae40,23
91c32b89-9f7c-4898-9ef9-e7e5c1fdd96b,1e64c9f6-281a-4910-af72-96e9b5c03176,30
cb8e195f-238f-422e-9e5c-164765dfcc9a,67d3bfaa-4d5c-401a-af45-e22d17e5f4f9,8
5fc9d378-f866-49ca-b6af-a516ccba8811,4be07a2b-6045-44a5-9ab6-935f4a1e86c1,8
3fb6d14d-b0d6-4a2f-a86a-438ab6ffc9c7,711cf533-a051-46a4-9c6f-e22e5d993c0c,10
cb8e195f-238f-422e-9e5c-164765dfcc9a,711cf533-a051-46a4-9c6f-e22e5d993c0c,7
c001e669-6bfa-42b3-a15b-650d90b52ece,375c30d2-23f3-4b5a-8464-0050ac8775a7,45
3fb6d14d-b0d6-4a2f-a86a-438ab6ffc9c7,2ae0e344-335e-48dc-a979-b6841551cb58,38
91c32b89-9f7c-4898-9ef9-e7e5c1fdd96b,696875c2-e7bb-4447-8d46-cea71fd6c292,12
a7471685-acb0-4b06-ae35-c3807153082e,4be07a2b-6045-44a5-9ab6-935f4a1e86c1,40
b9e96b5b-ff5d-4672-b756-6b29f42ca292,8056b8f1-523b-433e-82e1-6a8ffa20fd40,3
8c1f2869-61ad-46b1-8823-1e53b3288cda,0feac56d-b036-47b5-b9ac-c450bf29650a,25
6908714d-b5c8-49d2-aa06-97b138ac72f4,1e64c9f6-281a-4910-af72-96e9b5c03176,24
91c32b89-9f7c-4898-9ef9-e7e991fdd96b,7a0db560-d488-4880-8aa4-461128d12cd3,21
b087ab0e-3486-4712-97c4-f70b5800359e,443362c5-9053-459b-92fd-7e19db4ef52b,43
5018cc2d-d17d-46a3-95e5-5d3604804983,67d3bfaa-4d5c-401a-af45-e22d17e5f4f9,14
ca10d4b5-24c1-4a3b-81f6-e6ee160a5418,2d9205f9-cb97-44e7-bf16-ca2f533fc8df,31
62e3fa40-4a4a-4d04-9a09-1bbbe0cec879,0feac56d-b036-47b5-b9ac-c450bf29650a,13
b8afce90-7d6b-4b20-a1f7-5834e03332d7,b8074882-4bbf-4de2-bc7b-6358980f7668,43
5018cc2d-d17d-46a3-95e5-5d3604804983,711cf533-a051-46a4-9c6f-e22e5d993c0c,46
89244e9b-431f-47d1-9609-d7ef8c38da30,a8a3561a-b20d-421c-ada0-8c7872ffbd28,13
8c1f2869-61ad-46b1-8823-1e53b3288cda,8056b8f1-523b-433e-82e1-6a8ffa20fd40,32
f6198779-2ac7-4977-b36f-bdb928a023b2,4be07a2b-6045-44a5-9ab6-935f4a1e86c1,30
23b8d3a7-326a-4a60-bc22-0bfa874354a8,67d3bfaa-4d5c-401a-af45-e22d17e5f4f9,42
66e78767-d40e-48fb-b169-51485ddd9022,1e64c9f6-281a-4910-af72-96e9b5c03176,14
cb8e195f-238f-422e-9e5c-164765dfcc9a,443362c5-9053-459b-92fd-7e19db4ef52b,16
62e3fa40-4a4a-4d04-9a09-1bbbe0cec879,8056b8f1-523b-433e-82e1-6a8ffa20fd40,16
7b6609b2-a353-4946-ab27-baed336023a0,375c30d2-23f3-4b5a-8464-0050ac8775a7,15
89244e9b-431f-47d1-9609-d7ef8c38da30,714556bd-4ece-4237-b8a6-f9afa274797f,6
3fb6d14d-b0d6-4a2f-a86a-438ab6ffc9c7,4be07a2b-6045-44a5-9ab6-935f4a1e86c1,14
cb8e195f-238f-422e-9e5c-164765dfcc9a,4be07a2b-6045-44a5-9ab6-935f4a1e86c1,17
cbe5f998-6866-4423-8708-616416fe1c49,a8a3561a-b20d-421c-ada0-8c7872ffbd28,24
09a319a4-5616-4597-9457-ecfd09353395,262d5fe1-c483-4fdb-b5a7-8097909a6ced,31
300c60f3-b199-4627-baeb-36de56d396fb,b8074882-4bbf-4de2-bc7b-6358980f7668,33
d15ca868-4f26-4bc2-8159-b618b051e2f1,262d5fe1-c483-4fdb-b5a7-8097909a6ced,32
09a319a4-5616-4597-9457-ecfd09353395,16fd3dea-7daf-40e0-b629-983818b2e20f,18
f866bd10-292b-4dc4-bf61-07fcf89999d9,67d3bfaa-4d5c-401a-af45-e22d17e5f4f9,32
d15ca868-4f26-4bc2-8159-b618b051e2f1,67d3bfaa-4d5c-401a-af45-e22d17e5f4f9,29
23b8d3a7-326a-4a60-bc22-0bfa874354a8,443362c5-9053-459b-92fd-7e19db4ef52b,14
d0fe57a2-d1e3-4174-bea4-358f662ae1a7,b8074882-4bbf-4de2-bc7b-6358980f7668,18
c238fbe3-aa46-4bb2-b5a8-368b6c9e1334,262d5fe1-c483-4fdb-b5a7-8097909a6ced,27
5018cc2d-d17d-46a3-95e5-5d3604804983,4be07a2b-6045-44a5-9ab6-935f4a1e86c1,49
cd97ad9e-12f9-4140-9190-8c36c207d386,a8a3561a-b20d-421c-ada0-8c7872ffbd28,10
b087ab0e-3486-4712-97c4-f70b5800359e,8056b8f1-523b-433e-82e1-6a8ffa20fd40,47
d15ca868-4f26-4bc2-8159-b618b051e2f1,16fd3dea-7daf-40e0-b629-983818b2e20f,30
cbe5f998-6866-4423-8708-616416fe1c49,714556bd-4ece-4237-b8a6-f9afa274797f,46
4880082c-ce15-4f76-87c3-c543010bb085,375c30d2-23f3-4b5a-8464-0050ac8775a7,36
01f99d76-b97b-4ae3-98c8-8091c58ef32b,7a0db560-d488-4880-8aa4-461128d12cd3,15
a3ee4ef2-b35d-4f56-a299-4ea0f6a05059,b8074882-4bbf-4de2-bc7b-6358980f7668,10
cab3537b-3ab6-43d4-a58e-f771d3a4fe11,b8074882-4bbf-4de2-bc7b-6358980f7668,27
a3ee4ef2-b35d-4f56-a299-4ea0f6a05059,893d77a8-083c-4f11-ace0-9dd8602f6561,41
d9c44d87-2cb5-475f-94cb-56d6dcc0934c,7a0db560-d488-4880-8aa4-461128d12cd3,33
b0c15eb6-2a43-4c5f-8058-5b2b61e93299,b8074882-4bbf-4de2-bc7b-6358980f7668,24
0e585341-438c-4b0d-910b-a4a265cee420,7a0db560-d488-4880-8aa4-461128d12cd3,29
cab3537b-3ab6-43d4-a58e-f771d3a4fe11,893d77a8-083c-4f11-ace0-9dd8602f6561,43
89244e9b-431f-47d1-9609-d7ef8c38da30,711cf533-a051-46a4-9c6f-e22e5d993c0c,47
cd97ad9e-12f9-4140-9190-8c36c207d386,714556bd-4ece-4237-b8a6-f9afa274797f,13
8d94cdc9-e74d-4cf6-9737-6bcb96b76912,b8074882-4bbf-4de2-bc7b-6358980f7668,4
c7a4e539-2eee-4368-9216-2af47514b4ef,b019bfee-0336-4125-8e26-767b4ea10af7,10
fc1efb8f-f18b-464e-9258-e7f198c04d17,2d9205f9-cb97-44e7-bf16-ca2f533fc8df,32
e6d78460-25f8-4895-8a58-b105a1895bb3,a8a3561a-b20d-421c-ada0-8c7872ffbd28,14
89244e9b-431f-47d1-9609-d7ef8c38da30,2ae0e344-335e-48dc-a979-b6841551cb58,21
8d94cdc9-e74d-4cf6-9737-6bcb96b76912,893d77a8-083c-4f11-ace0-9dd8602f6561,15
91c32b89-9f7c-4898-9ef9-e7e5c1fdd96b,262d5fe1-c483-4fdb-b5a7-8097909a6ced,45
c7a4e539-2eee-4368-9216-2af47514b4ef,44bebaa1-d12e-4d7e-93ce-657cabe0ae40,11
f866bd10-292b-4dc4-bf61-07fcf89999d9,443362c5-9053-459b-92fd-7e19db4ef52b,42
d15ca868-4f26-4bc2-8159-b618b051e2f1,443362c5-9053-459b-92fd-7e19db4ef52b,19
7d49d534-22f4-4dd7-9648-b8a4a693086e,2d9205f9-cb97-44e7-bf16-ca2f533fc8df,3
91c32b89-9f7c-4898-9ef9-e7e5c1fdd96b,16fd3dea-7daf-40e0-b629-983818b2e20f,24
cbe5f998-6866-4423-8708-616416fe1c49,67d3bfaa-4d5c-401a-af45-e22d17e5f4f9,11
6908714d-b5c8-49d2-aa06-97b138ac72f4,262d5fe1-c483-4fdb-b5a7-8097909a6ced,10
b8afce90-7d6b-4b20-a1f7-5834e03332d7,375c30d2-23f3-4b5a-8464-0050ac8775a7,39
e6d78460-25f8-4895-8a58-b105a1895bb3,714556bd-4ece-4237-b8a6-f9afa274797f,11
cbe5f998-6866-4423-8708-616416fe1c49,711cf533-a051-46a4-9c6f-e22e5d993c0c,46
91c32b89-9f7c-4898-9ef9-e7e991fdd96b,2d9205f9-cb97-44e7-bf16-ca2f533fc8df,29
7d49d534-22f4-4dd7-9648-b8a4a693086e,375c30d2-23f3-4b5a-8464-0050ac8775a7,4
6908714d-b5c8-49d2-aa06-97b138ac72f4,16fd3dea-7daf-40e0-b629-983818b2e20f,48
c7a4e539-2eee-4368-9216-2af47514b4ef,1e64c9f6-281a-4910-af72-96e9b5c03176,23
c7a4e539-2eee-4368-9216-2af47514b4ef,696875c2-e7bb-4447-8d46-cea71fd6c292,17
66e78767-d40e-48fb-b169-51485ddd9022,262d5fe1-c483-4fdb-b5a7-8097909a6ced,27
cd97ad9e-12f9-4140-9190-8c36c207d386,711cf533-a051-46a4-9c6f-e22e5d993c0c,27
89244e9b-431f-47d1-9609-d7ef8c38da30,4be07a2b-6045-44a5-9ab6-935f4a1e86c1,3
fc1efb8f-f18b-464e-9258-e7f198c04d17,1e64c9f6-281a-4910-af72-96e9b5c03176,31
64801cac-ce58-4324-a96a-9c392b5d1385,b8074882-4bbf-4de2-bc7b-6358980f7668,8
91c32b89-9f7c-4898-9ef9-e7e5c1fdd96b,443362c5-9053-459b-92fd-7e19db4ef52b,18
64801cac-ce58-4324-a96a-9c392b5d1385,893d77a8-083c-4f11-ace0-9dd8602f6561,14
cd97ad9e-12f9-4140-9190-8c36c207d386,2ae0e344-335e-48dc-a979-b6841551cb58,4
91c32b89-9f7c-4898-9ef9-e7e991fdd96b,44bebaa1-d12e-4d7e-93ce-657cabe0ae40,8
66e78767-d40e-48fb-b169-51485ddd9022,16fd3dea-7daf-40e0-b629-983818b2e20f,24
09a319a4-5616-4597-9457-ecfd09353395,8056b8f1-523b-433e-82e1-6a8ffa20fd40,25
300c60f3-b199-4627-baeb-36de56d396fb,375c30d2-23f3-4b5a-8464-0050ac8775a7,45
c238fbe3-aa46-4bb2-b5a8-368b6c9e1334,0feac56d-b036-47b5-b9ac-c450bf29650a,41
363bcb79-ca33-4b0e-a3c2-92e91997d921,375c30d2-23f3-4b5a-8464-0050ac8775a7,26
bcf1fd68-019e-4156-9891-764a00da9180,714556bd-4ece-4237-b8a6-f9afa274797f,5
c001e669-6bfa-42b3-a15b-650d90b52ece,a8a3561a-b20d-421c-ada0-8c7872ffbd28,21
93a76885-35f4-4fa6-ad64-d3187d7250ec,b8074882-4bbf-4de2-bc7b-6358980f7668,39
e6d78460-25f8-4895-8a58-b105a1895bb3,711cf533-a051-46a4-9c6f-e22e5d993c0c,14
cbe5f998-6866-4423-8708-616416fe1c49,4be07a2b-6045-44a5-9ab6-935f4a1e86c1,8
321f212c-82d9-4e7d-89ad-ce14a9dc4be5,a8a3561a-b20d-421c-ada0-8c7872ffbd28,1
d0fe57a2-d1e3-4174-bea4-358f662ae1a7,375c30d2-23f3-4b5a-8464-0050ac8775a7,23
93a76885-35f4-4fa6-ad64-d3187d7250ec,893d77a8-083c-4f11-ace0-9dd8602f6561,21
91c32b89-9f7c-4898-9ef9-e7e991fdd96b,1e64c9f6-281a-4910-af72-96e9b5c03176,30
e6d78460-25f8-4895-8a58-b105a1895bb3,2ae0e344-335e-48dc-a979-b6841551cb58,42
c238fbe3-aa46-4bb2-b5a8-368b6c9e1334,8056b8f1-523b-433e-82e1-6a8ffa20fd40,20
ca10d4b5-24c1-4a3b-81f6-e6ee160a5418,262d5fe1-c483-4fdb-b5a7-8097909a6ced,5
4ce49aba-2144-4aed-9722-835c612ce505,7a0db560-d488-4880-8aa4-461128d12cd3,19
a3ee4ef2-b35d-4f56-a299-4ea0f6a05059,375c30d2-23f3-4b5a-8464-0050ac8775a7,25
3fb6d14d-b0d6-4a2f-a86a-438ab6ffc9c7,b8074882-4bbf-4de2-bc7b-6358980f7668,21
c001e669-6bfa-42b3-a15b-650d90b52ece,714556bd-4ece-4237-b8a6-f9afa274797f,20
3fb6d14d-b0d6-4a2f-a86a-438ab6ffc9c7,893d77a8-083c-4f11-ace0-9dd8602f6561,14
b0c15eb6-2a43-4c5f-8058-5b2b61e93299,375c30d2-23f3-4b5a-8464-0050ac8775a7,13
cd97ad9e-12f9-4140-9190-8c36c207d386,4be07a2b-6045-44a5-9ab6-935f4a1e86c1,46
5fc9d378-f866-49ca-b6af-a516ccba8811,7a0db560-d488-4880-8aa4-461128d12cd3,49
321f212c-82d9-4e7d-89ad-ce14a9dc4be5,714556bd-4ece-4237-b8a6-f9afa274797f,31
8d94cdc9-e74d-4cf6-9737-6bcb96b76912,375c30d2-23f3-4b5a-8464-0050ac8775a7,44
bcf1fd68-019e-4156-9891-764a00da9180,0feac56d-b036-47b5-b9ac-c450bf29650a,16
a7471685-acb0-4b06-ae35-c3807153082e,7a0db560-d488-4880-8aa4-461128d12cd3,37
6908714d-b5c8-49d2-aa06-97b138ac72f4,0feac56d-b036-47b5-b9ac-c450bf29650a,14
01f99d76-b97b-4ae3-98c8-8091c58ef32b,b019bfee-0336-4125-8e26-767b4ea10af7,7
0e585341-438c-4b0d-910b-a4a265cee420,2d9205f9-cb97-44e7-bf16-ca2f533fc8df,15
8c1f2869-61ad-46b1-8823-1e53b3288cda,b8074882-4bbf-4de2-bc7b-6358980f7668,24
bcf1fd68-019e-4156-9891-764a00da9180,711cf533-a051-46a4-9c6f-e22e5d993c0c,2
8c1f2869-61ad-46b1-8823-1e53b3288cda,893d77a8-083c-4f11-ace0-9dd8602f6561,8
01f99d76-b97b-4ae3-98c8-8091c58ef32b,44bebaa1-d12e-4d7e-93ce-657cabe0ae40,16
d9c44d87-2cb5-475f-94cb-56d6dcc0934c,b019bfee-0336-4125-8e26-767b4ea10af7,5
bcf1fd68-019e-4156-9891-764a00da9180,2ae0e344-335e-48dc-a979-b6841551cb58,20
e6d78460-25f8-4895-8a58-b105a1895bb3,4be07a2b-6045-44a5-9ab6-935f4a1e86c1,39
62e3fa40-4a4a-4d04-9a09-1bbbe0cec879,b8074882-4bbf-4de2-bc7b-6358980f7668,43
c5d461ab-59d9-44c4-b509-61d9037d7916,2d9205f9-cb97-44e7-bf16-ca2f533fc8df,7
f6198779-2ac7-4977-b36f-bdb928a023b2,7a0db560-d488-4880-8aa4-461128d12cd3,48
6908714d-b5c8-49d2-aa06-97b138ac72f4,8056b8f1-523b-433e-82e1-6a8ffa20fd40,13
d9c44d87-2cb5-475f-94cb-56d6dcc0934c,44bebaa1-d12e-4d7e-93ce-657cabe0ae40,40
62e3fa40-4a4a-4d04-9a09-1bbbe0cec879,893d77a8-083c-4f11-ace0-9dd8602f6561,26
0e585341-438c-4b0d-910b-a4a265cee420,44bebaa1-d12e-4d7e-93ce-657cabe0ae40,7
66e78767-d40e-48fb-b169-51485ddd9022,0feac56d-b036-47b5-b9ac-c450bf29650a,47
7b6609b2-a353-4946-ab27-baed336023a0,714556bd-4ece-4237-b8a6-f9afa274797f,25
01f99d76-b97b-4ae3-98c8-8091c58ef32b,1e64c9f6-281a-4910-af72-96e9b5c03176,44
c001e669-6bfa-42b3-a15b-650d90b52ece,711cf533-a051-46a4-9c6f-e22e5d993c0c,32
321f212c-82d9-4e7d-89ad-ce14a9dc4be5,67d3bfaa-4d5c-401a-af45-e22d17e5f4f9,1
c7a4e539-2eee-4368-9216-2af47514b4ef,262d5fe1-c483-4fdb-b5a7-8097909a6ced,41
4880082c-ce15-4f76-87c3-c543010bb085,a8a3561a-b20d-421c-ada0-8c7872ffbd28,39
cb8e195f-238f-422e-9e5c-164765dfcc9a,7a0db560-d488-4880-8aa4-461128d12cd3,14
321f212c-82d9-4e7d-89ad-ce14a9dc4be5,711cf533-a051-46a4-9c6f-e22e5d993c0c,33
64801cac-ce58-4324-a96a-9c392b5d1385,375c30d2-23f3-4b5a-8464-0050ac8775a7,2
c001e669-6bfa-42b3-a15b-650d90b52ece,2ae0e344-335e-48dc-a979-b6841551cb58,8
c7a4e539-2eee-4368-9216-2af47514b4ef,67d3bfaa-4d5c-401a-af45-e22d17e5f4f9,1
66e78767-d40e-48fb-b169-51485ddd9022,8056b8f1-523b-433e-82e1-6a8ffa20fd40,13
01f99d76-b97b-4ae3-98c8-8091c58ef32b,696875c2-e7bb-4447-8d46-cea71fd6c292,41
2beff75f-39d4-4230-b015-77f558d609ba,a8a3561a-b20d-421c-ada0-8c7872ffbd28,27
c7a4e539-2eee-4368-9216-2af47514b4ef,16fd3dea-7daf-40e0-b629-983818b2e20f,17
0e585341-438c-4b0d-910b-a4a265cee420,1e64c9f6-281a-4910-af72-96e9b5c03176,22
d9c44d87-2cb5-475f-94cb-56d6dcc0934c,1e64c9f6-281a-4910-af72-96e9b5c03176,26
fc1efb8f-f18b-464e-9258-e7f198c04d17,262d5fe1-c483-4fdb-b5a7-8097909a6ced,45
ca10d4b5-24c1-4a3b-81f6-e6ee160a5418,0feac56d-b036-47b5-b9ac-c450bf29650a,6
d9c44d87-2cb5-475f-94cb-56d6dcc0934c,696875c2-e7bb-4447-8d46-cea71fd6c292,16
4880082c-ce15-4f76-87c3-c543010bb085,714556bd-4ece-4237-b8a6-f9afa274797f,29
7b6609b2-a353-4946-ab27-baed336023a0,0feac56d-b036-47b5-b9ac-c450bf29650a,7
5018cc2d-d17d-46a3-95e5-5d3604804983,7a0db560-d488-4880-8aa4-461128d12cd3,43
fc1efb8f-f18b-464e-9258-e7f198c04d17,16fd3dea-7daf-40e0-b629-983818b2e20f,19
c5d461ab-59d9-44c4-b509-61d9037d7916,1e64c9f6-281a-4910-af72-96e9b5c03176,41
93a76885-35f4-4fa6-ad64-d3187d7250ec,375c30d2-23f3-4b5a-8464-0050ac8775a7,40
cab3537b-3ab6-43d4-a58e-f771d3a4fe11,b019bfee-0336-4125-8e26-767b4ea10af7,32
7b6609b2-a353-4946-ab27-baed336023a0,711cf533-a051-46a4-9c6f-e22e5d993c0c,15
23b8d3a7-326a-4a60-bc22-0bfa874354a8,7a0db560-d488-4880-8aa4-461128d12cd3,9
ca10d4b5-24c1-4a3b-81f6-e6ee160a5418,8056b8f1-523b-433e-82e1-6a8ffa20fd40,9
91c32b89-9f7c-4898-9ef9-e7e991fdd96b,262d5fe1-c483-4fdb-b5a7-8097909a6ced,9
c7a4e539-2eee-4368-9216-2af47514b4ef,443362c5-9053-459b-92fd-7e19db4ef52b,25
7b6609b2-a353-4946-ab27-baed336023a0,2ae0e344-335e-48dc-a979-b6841551cb58,12
89244e9b-431f-47d1-9609-d7ef8c38da30,893d77a8-083c-4f11-ace0-9dd8602f6561,20
a6983048-915d-4da6-b0d8-728264b71a70,2d9205f9-cb97-44e7-bf16-ca2f533fc8df,26
c001e669-6bfa-42b3-a15b-650d90b52ece,4be07a2b-6045-44a5-9ab6-935f4a1e86c1,7
b8afce90-7d6b-4b20-a1f7-5834e03332d7,a8a3561a-b20d-421c-ada0-8c7872ffbd28,35
b9e96b5b-ff5d-4672-b756-6b29f42ca292,375c30d2-23f3-4b5a-8464-0050ac8775a7,36
321f212c-82d9-4e7d-89ad-ce14a9dc4be5,4be07a2b-6045-44a5-9ab6-935f4a1e86c1,31
c2c2dd84-0052-4823-a983-f803d4154060,2d9205f9-cb97-44e7-bf16-ca2f533fc8df,26
91c32b89-9f7c-4898-9ef9-e7e991fdd96b,16fd3dea-7daf-40e0-b629-983818b2e20f,2
8c1f2869-61ad-46b1-8823-1e53b3288cda,375c30d2-23f3-4b5a-8464-0050ac8775a7,30
4ce49aba-2144-4aed-9722-835c612ce505,b019bfee-0336-4125-8e26-767b4ea10af7,9
b8afce90-7d6b-4b20-a1f7-5834e03332d7,714556bd-4ece-4237-b8a6-f9afa274797f,35
4880082c-ce15-4f76-87c3-c543010bb085,711cf533-a051-46a4-9c6f-e22e5d993c0c,16
2beff75f-39d4-4230-b015-77f558d609ba,67d3bfaa-4d5c-401a-af45-e22d17e5f4f9,44
f866bd10-292b-4dc4-bf61-07fcf89999d9,7a0db560-d488-4880-8aa4-461128d12cd3,37
cab3537b-3ab6-43d4-a58e-f771d3a4fe11,696875c2-e7bb-4447-8d46-cea71fd6c292,29
4880082c-ce15-4f76-87c3-c543010bb085,2ae0e344-335e-48dc-a979-b6841551cb58,49
4ce49aba-2144-4aed-9722-835c612ce505,44bebaa1-d12e-4d7e-93ce-657cabe0ae40,37
2beff75f-39d4-4230-b015-77f558d609ba,711cf533-a051-46a4-9c6f-e22e5d993c0c,17
5fc9d378-f866-49ca-b6af-a516ccba8811,b019bfee-0336-4125-8e26-767b4ea10af7,15
300c60f3-b199-4627-baeb-36de56d396fb,a8a3561a-b20d-421c-ada0-8c7872ffbd28,34
a7471685-acb0-4b06-ae35-c3807153082e,b019bfee-0336-4125-8e26-767b4ea10af7,3
5fc9d378-f866-49ca-b6af-a516ccba8811,44bebaa1-d12e-4d7e-93ce-657cabe0ae40,46
a7471685-acb0-4b06-ae35-c3807153082e,44bebaa1-d12e-4d7e-93ce-657cabe0ae40,11
cd97ad9e-12f9-4140-9190-8c36c207d386,893d77a8-083c-4f11-ace0-9dd8602f6561,37
89244e9b-431f-47d1-9609-d7ef8c38da30,7a0db560-d488-4880-8aa4-461128d12cd3,27
fc1efb8f-f18b-464e-9258-e7f198c04d17,0feac56d-b036-47b5-b9ac-c450bf29650a,27
b087ab0e-3486-4712-97c4-f70b5800359e,2d9205f9-cb97-44e7-bf16-ca2f533fc8df,17
c2c2dd84-0052-4823-a983-f803d4154060,1e64c9f6-281a-4910-af72-96e9b5c03176,16
4ce49aba-2144-4aed-9722-835c612ce505,1e64c9f6-281a-4910-af72-96e9b5c03176,10
d0fe57a2-d1e3-4174-bea4-358f662ae1a7,a8a3561a-b20d-421c-ada0-8c7872ffbd28,6
01f99d76-b97b-4ae3-98c8-8091c58ef32b,262d5fe1-c483-4fdb-b5a7-8097909a6ced,18
300c60f3-b199-4627-baeb-36de56d396fb,714556bd-4ece-4237-b8a6-f9afa274797f,27
f6198779-2ac7-4977-b36f-bdb928a023b2,b019bfee-0336-4125-8e26-767b4ea10af7,24
a3ee4ef2-b35d-4f56-a299-4ea0f6a05059,a8a3561a-b20d-421c-ada0-8c7872ffbd28,13
2beff75f-39d4-4230-b015-77f558d609ba,443362c5-9053-459b-92fd-7e19db4ef52b,47
7d49d534-22f4-4dd7-9648-b8a4a693086e,0feac56d-b036-47b5-b9ac-c450bf29650a,44
cab3537b-3ab6-43d4-a58e-f771d3a4fe11,a8a3561a-b20d-421c-ada0-8c7872ffbd28,18
363bcb79-ca33-4b0e-a3c2-92e91997d921,714556bd-4ece-4237-b8a6-f9afa274797f,48
4ce49aba-2144-4aed-9722-835c612ce505,696875c2-e7bb-4447-8d46-cea71fd6c292,46
5fc9d378-f866-49ca-b6af-a516ccba8811,1e64c9f6-281a-4910-af72-96e9b5c03176,5
cb8e195f-238f-422e-9e5c-164765dfcc9a,2d9205f9-cb97-44e7-bf16-ca2f533fc8df,32
c238fbe3-aa46-4bb2-b5a8-368b6c9e1334,b8074882-4bbf-4de2-bc7b-6358980f7668,28
f6198779-2ac7-4977-b36f-bdb928a023b2,44bebaa1-d12e-4d7e-93ce-657cabe0ae40,37
b0c15eb6-2a43-4c5f-8058-5b2b61e93299,a8a3561a-b20d-421c-ada0-8c7872ffbd28,38
b087ab0e-3486-4712-97c4-f70b5800359e,375c30d2-23f3-4b5a-8464-0050ac8775a7,36
0e585341-438c-4b0d-910b-a4a265cee420,262d5fe1-c483-4fdb-b5a7-8097909a6ced,4
e6d78460-25f8-4895-8a58-b105a1895bb3,893d77a8-083c-4f11-ace0-9dd8602f6561,12
a7471685-acb0-4b06-ae35-c3807153082e,1e64c9f6-281a-4910-af72-96e9b5c03176,9
d0fe57a2-d1e3-4174-bea4-358f662ae1a7,714556bd-4ece-4237-b8a6-f9afa274797f,38
8d94cdc9-e74d-4cf6-9737-6bcb96b76912,a8a3561a-b20d-421c-ada0-8c7872ffbd28,4
cbe5f998-6866-4423-8708-616416fe1c49,7a0db560-d488-4880-8aa4-461128d12cd3,6
5fc9d378-f866-49ca-b6af-a516ccba8811,696875c2-e7bb-4447-8d46-cea71fd6c292,4
d9c44d87-2cb5-475f-94cb-56d6dcc0934c,67d3bfaa-4d5c-401a-af45-e22d17e5f4f9,26
91c32b89-9f7c-4898-9ef9-e7e991fdd96b,0feac56d-b036-47b5-b9ac-c450bf29650a,31
2beff75f-39d4-4230-b015-77f558d609ba,4be07a2b-6045-44a5-9ab6-935f4a1e86c1,46
3fb6d14d-b0d6-4a2f-a86a-438ab6ffc9c7,b019bfee-0336-4125-8e26-767b4ea10af7,3
b8afce90-7d6b-4b20-a1f7-5834e03332d7,2ae0e344-335e-48dc-a979-b6841551cb58,49
cb8e195f-238f-422e-9e5c-164765dfcc9a,b019bfee-0336-4125-8e26-767b4ea10af7,37
7d49d534-22f4-4dd7-9648-b8a4a693086e,8056b8f1-523b-433e-82e1-6a8ffa20fd40,18
a7471685-acb0-4b06-ae35-c3807153082e,696875c2-e7bb-4447-8d46-cea71fd6c292,38
a3ee4ef2-b35d-4f56-a299-4ea0f6a05059,714556bd-4ece-4237-b8a6-f9afa274797f,46
7d49d534-22f4-4dd7-9648-b8a4a693086e,2ae0e344-335e-48dc-a979-b6841551cb58,37
0e585341-438c-4b0d-910b-a4a265cee420,16fd3dea-7daf-40e0-b629-983818b2e20f,15
d9c44d87-2cb5-475f-94cb-56d6dcc0934c,16fd3dea-7daf-40e0-b629-983818b2e20f,47
c5d461ab-59d9-44c4-b509-61d9037d7916,262d5fe1-c483-4fdb-b5a7-8097909a6ced,13
cb8e195f-238f-422e-9e5c-164765dfcc9a,44bebaa1-d12e-4d7e-93ce-657cabe0ae40,7
b0c15eb6-2a43-4c5f-8058-5b2b61e93299,714556bd-4ece-4237-b8a6-f9afa274797f,30
f6198779-2ac7-4977-b36f-bdb928a023b2,1e64c9f6-281a-4910-af72-96e9b5c03176,10
cd97ad9e-12f9-4140-9190-8c36c207d386,7a0db560-d488-4880-8aa4-461128d12cd3,21
91c32b89-9f7c-4898-9ef9-e7e991fdd96b,8056b8f1-523b-433e-82e1-6a8ffa20fd40,48
8d94cdc9-e74d-4cf6-9737-6bcb96b76912,714556bd-4ece-4237-b8a6-f9afa274797f,37
363bcb79-ca33-4b0e-a3c2-92e91997d921,0feac56d-b036-47b5-b9ac-c450bf29650a,28
01f99d76-b97b-4ae3-98c8-8091c58ef32b,443362c5-9053-459b-92fd-7e19db4ef52b,2
23b8d3a7-326a-4a60-bc22-0bfa874354a8,2d9205f9-cb97-44e7-bf16-ca2f533fc8df,24
5018cc2d-d17d-46a3-95e5-5d3604804983,b019bfee-0336-4125-8e26-767b4ea10af7,46
f6198779-2ac7-4977-b36f-bdb928a023b2,696875c2-e7bb-4447-8d46-cea71fd6c292,15
300c60f3-b199-4627-baeb-36de56d396fb,711cf533-a051-46a4-9c6f-e22e5d993c0c,10
bcf1fd68-019e-4156-9891-764a00da9180,b8074882-4bbf-4de2-bc7b-6358980f7668,37
363bcb79-ca33-4b0e-a3c2-92e91997d921,711cf533-a051-46a4-9c6f-e22e5d993c0c,22
5018cc2d-d17d-46a3-95e5-5d3604804983,44bebaa1-d12e-4d7e-93ce-657cabe0ae40,28
300c60f3-b199-4627-baeb-36de56d396fb,2ae0e344-335e-48dc-a979-b6841551cb58,9
cb8e195f-238f-422e-9e5c-164765dfcc9a,1e64c9f6-281a-4910-af72-96e9b5c03176,14
bcf1fd68-019e-4156-9891-764a00da9180,893d77a8-083c-4f11-ace0-9dd8602f6561,47
d9c44d87-2cb5-475f-94cb-56d6dcc0934c,443362c5-9053-459b-92fd-7e19db4ef52b,19
363bcb79-ca33-4b0e-a3c2-92e91997d921,2ae0e344-335e-48dc-a979-b6841551cb58,1
b8afce90-7d6b-4b20-a1f7-5834e03332d7,4be07a2b-6045-44a5-9ab6-935f4a1e86c1,28
64801cac-ce58-4324-a96a-9c392b5d1385,a8a3561a-b20d-421c-ada0-8c7872ffbd28,26
d0fe57a2-d1e3-4174-bea4-358f662ae1a7,711cf533-a051-46a4-9c6f-e22e5d993c0c,35
3fb6d14d-b0d6-4a2f-a86a-438ab6ffc9c7,696875c2-e7bb-4447-8d46-cea71fd6c292,25
cb8e195f-238f-422e-9e5c-164765dfcc9a,696875c2-e7bb-4447-8d46-cea71fd6c292,42
23b8d3a7-326a-4a60-bc22-0bfa874354a8,44bebaa1-d12e-4d7e-93ce-657cabe0ae40,23
d0fe57a2-d1e3-4174-bea4-358f662ae1a7,2ae0e344-335e-48dc-a979-b6841551cb58,18
cab3537b-3ab6-43d4-a58e-f771d3a4fe11,67d3bfaa-4d5c-401a-af45-e22d17e5f4f9,8
a3ee4ef2-b35d-4f56-a299-4ea0f6a05059,711cf533-a051-46a4-9c6f-e22e5d993c0c,20
5018cc2d-d17d-46a3-95e5-5d3604804983,1e64c9f6-281a-4910-af72-96e9b5c03176,7
66e78767-d40e-48fb-b169-51485ddd9022,b8074882-4bbf-4de2-bc7b-6358980f7668,20
f866bd10-292b-4dc4-bf61-07fcf89999d9,2d9205f9-cb97-44e7-bf16-ca2f533fc8df,36
d15ca868-4f26-4bc2-8159-b618b051e2f1,2d9205f9-cb97-44e7-bf16-ca2f533fc8df,48
b0c15eb6-2a43-4c5f-8058-5b2b61e93299,711cf533-a051-46a4-9c6f-e22e5d993c0c,37
c001e669-6bfa-42b3-a15b-650d90b52ece,893d77a8-083c-4f11-ace0-9dd8602f6561,45
a3ee4ef2-b35d-4f56-a299-4ea0f6a05059,2ae0e344-335e-48dc-a979-b6841551cb58,23
64801cac-ce58-4324-a96a-9c392b5d1385,714556bd-4ece-4237-b8a6-f9afa274797f,49
8d94cdc9-e74d-4cf6-9737-6bcb96b76912,711cf533-a051-46a4-9c6f-e22e5d993c0c,37
b0c15eb6-2a43-4c5f-8058-5b2b61e93299,2ae0e344-335e-48dc-a979-b6841551cb58,3
93a76885-35f4-4fa6-ad64-d3187d7250ec,a8a3561a-b20d-421c-ada0-8c7872ffbd28,28
5018cc2d-d17d-46a3-95e5-5d3604804983,696875c2-e7bb-4447-8d46-cea71fd6c292,34
09a319a4-5616-4597-9457-ecfd09353395,375c30d2-23f3-4b5a-8464-0050ac8775a7,22
23b8d3a7-326a-4a60-bc22-0bfa874354a8,1e64c9f6-281a-4910-af72-96e9b5c03176,46
8d94cdc9-e74d-4cf6-9737-6bcb96b76912,2ae0e344-335e-48dc-a979-b6841551cb58,46
300c60f3-b199-4627-baeb-36de56d396fb,4be07a2b-6045-44a5-9ab6-935f4a1e86c1,42
b8afce90-7d6b-4b20-a1f7-5834e03332d7,711cf533-a051-46a4-9c6f-e22e5d993c0c,12
c2c2dd84-0052-4823-a983-f803d4154060,262d5fe1-c483-4fdb-b5a7-8097909a6ced,9
4ce49aba-2144-4aed-9722-835c612ce505,262d5fe1-c483-4fdb-b5a7-8097909a6ced,9
f866bd10-292b-4dc4-bf61-07fcf89999d9,44bebaa1-d12e-4d7e-93ce-657cabe0ae40,12
cab3537b-3ab6-43d4-a58e-f771d3a4fe11,443362c5-9053-459b-92fd-7e19db4ef52b,11
93a76885-35f4-4fa6-ad64-d3187d7250ec,714556bd-4ece-4237-b8a6-f9afa274797f,19
4ce49aba-2144-4aed-9722-835c612ce505,67d3bfaa-4d5c-401a-af45-e22d17e5f4f9,38
4880082c-ce15-4f76-87c3-c543010bb085,4be07a2b-6045-44a5-9ab6-935f4a1e86c1,41
ca10d4b5-24c1-4a3b-81f6-e6ee160a5418,b8074882-4bbf-4de2-bc7b-6358980f7668,37
c5d461ab-59d9-44c4-b509-61d9037d7916,0feac56d-b036-47b5-b9ac-c450bf29650a,16
5fc9d378-f866-49ca-b6af-a516ccba8811,262d5fe1-c483-4fdb-b5a7-8097909a6ced,34
c238fbe3-aa46-4bb2-b5a8-368b6c9e1334,375c30d2-23f3-4b5a-8464-0050ac8775a7,5
7b6609b2-a353-4946-ab27-baed336023a0,b8074882-4bbf-4de2-bc7b-6358980f7668,8
4ce49aba-2144-4aed-9722-835c612ce505,16fd3dea-7daf-40e0-b629-983818b2e20f,17
0e585341-438c-4b0d-910b-a4a265cee420,8056b8f1-523b-433e-82e1-6a8ffa20fd40,32
89244e9b-431f-47d1-9609-d7ef8c38da30,b019bfee-0336-4125-8e26-767b4ea10af7,41
d0fe57a2-d1e3-4174-bea4-358f662ae1a7,4be07a2b-6045-44a5-9ab6-935f4a1e86c1,49
a7471685-acb0-4b06-ae35-c3807153082e,262d5fe1-c483-4fdb-b5a7-8097909a6ced,48
5fc9d378-f866-49ca-b6af-a516ccba8811,67d3bfaa-4d5c-401a-af45-e22d17e5f4f9,35
7b6609b2-a353-4946-ab27-baed336023a0,893d77a8-083c-4f11-ace0-9dd8602f6561,25
91c32b89-9f7c-4898-9ef9-e7e5c1fdd96b,2d9205f9-cb97-44e7-bf16-ca2f533fc8df,12
a3ee4ef2-b35d-4f56-a299-4ea0f6a05059,4be07a2b-6045-44a5-9ab6-935f4a1e86c1,27
cab3537b-3ab6-43d4-a58e-f771d3a4fe11,4be07a2b-6045-44a5-9ab6-935f4a1e86c1,20
89244e9b-431f-47d1-9609-d7ef8c38da30,44bebaa1-d12e-4d7e-93ce-657cabe0ae40,11
8c1f2869-61ad-46b1-8823-1e53b3288cda,a8a3561a-b20d-421c-ada0-8c7872ffbd28,44
f866bd10-292b-4dc4-bf61-07fcf89999d9,1e64c9f6-281a-4910-af72-96e9b5c03176,29
5fc9d378-f866-49ca-b6af-a516ccba8811,16fd3dea-7daf-40e0-b629-983818b2e20f,27
01f99d76-b97b-4ae3-98c8-8091c58ef32b,67d3bfaa-4d5c-401a-af45-e22d17e5f4f9,45
b0c15eb6-2a43-4c5f-8058-5b2b61e93299,4be07a2b-6045-44a5-9ab6-935f4a1e86c1,12
b9e96b5b-ff5d-4672-b756-6b29f42ca292,714556bd-4ece-4237-b8a6-f9afa274797f,47
a7471685-acb0-4b06-ae35-c3807153082e,16fd3dea-7daf-40e0-b629-983818b2e20f,30
64801cac-ce58-4324-a96a-9c392b5d1385,711cf533-a051-46a4-9c6f-e22e5d993c0c,6
c5d461ab-59d9-44c4-b509-61d9037d7916,8056b8f1-523b-433e-82e1-6a8ffa20fd40,8
8d94cdc9-e74d-4cf6-9737-6bcb96b76912,4be07a2b-6045-44a5-9ab6-935f4a1e86c1,32
321f212c-82d9-4e7d-89ad-ce14a9dc4be5,7a0db560-d488-4880-8aa4-461128d12cd3,4
64801cac-ce58-4324-a96a-9c392b5d1385,2ae0e344-335e-48dc-a979-b6841551cb58,17
91c32b89-9f7c-4898-9ef9-e7e5c1fdd96b,375c30d2-23f3-4b5a-8464-0050ac8775a7,23
62e3fa40-4a4a-4d04-9a09-1bbbe0cec879,a8a3561a-b20d-421c-ada0-8c7872ffbd28,22
f6198779-2ac7-4977-b36f-bdb928a023b2,262d5fe1-c483-4fdb-b5a7-8097909a6ced,24
cbe5f998-6866-4423-8708-616416fe1c49,b019bfee-0336-4125-8e26-767b4ea10af7,42
8c1f2869-61ad-46b1-8823-1e53b3288cda,714556bd-4ece-4237-b8a6-f9afa274797f,48
4ce49aba-2144-4aed-9722-835c612ce505,443362c5-9053-459b-92fd-7e19db4ef52b,39
f6198779-2ac7-4977-b36f-bdb928a023b2,67d3bfaa-4d5c-401a-af45-e22d17e5f4f9,46
cbe5f998-6866-4423-8708-616416fe1c49,44bebaa1-d12e-4d7e-93ce-657cabe0ae40,49
4880082c-ce15-4f76-87c3-c543010bb085,893d77a8-083c-4f11-ace0-9dd8602f6561,37
f6198779-2ac7-4977-b36f-bdb928a023b2,16fd3dea-7daf-40e0-b629-983818b2e20f,2
6908714d-b5c8-49d2-aa06-97b138ac72f4,375c30d2-23f3-4b5a-8464-0050ac8775a7,33
93a76885-35f4-4fa6-ad64-d3187d7250ec,711cf533-a051-46a4-9c6f-e22e5d993c0c,27
5fc9d378-f866-49ca-b6af-a516ccba8811,443362c5-9053-459b-92fd-7e19db4ef52b,11
89244e9b-431f-47d1-9609-d7ef8c38da30,696875c2-e7bb-4447-8d46-cea71fd6c292,19
62e3fa40-4a4a-4d04-9a09-1bbbe0cec879,714556bd-4ece-4237-b8a6-f9afa274797f,37
cb8e195f-238f-422e-9e5c-164765dfcc9a,262d5fe1-c483-4fdb-b5a7-8097909a6ced,39
a7471685-acb0-4b06-ae35-c3807153082e,443362c5-9053-459b-92fd-7e19db4ef52b,1
b9e96b5b-ff5d-4672-b756-6b29f42ca292,0feac56d-b036-47b5-b9ac-c450bf29650a,9
cd97ad9e-12f9-4140-9190-8c36c207d386,b019bfee-0336-4125-8e26-767b4ea10af7,40
93a76885-35f4-4fa6-ad64-d3187d7250ec,2ae0e344-335e-48dc-a979-b6841551cb58,42
3fb6d14d-b0d6-4a2f-a86a-438ab6ffc9c7,67d3bfaa-4d5c-401a-af45-e22d17e5f4f9,29
cd97ad9e-12f9-4140-9190-8c36c207d386,44bebaa1-d12e-4d7e-93ce-657cabe0ae40,34
cb8e195f-238f-422e-9e5c-164765dfcc9a,16fd3dea-7daf-40e0-b629-983818b2e20f,6
cbe5f998-6866-4423-8708-616416fe1c49,1e64c9f6-281a-4910-af72-96e9b5c03176,41
66e78767-d40e-48fb-b169-51485ddd9022,375c30d2-23f3-4b5a-8464-0050ac8775a7,7
a6983048-915d-4da6-b0d8-728264b71a70,0feac56d-b036-47b5-b9ac-c450bf29650a,13
64801cac-ce58-4324-a96a-9c392b5d1385,4be07a2b-6045-44a5-9ab6-935f4a1e86c1,30
b9e96b5b-ff5d-4672-b756-6b29f42ca292,2ae0e344-335e-48dc-a979-b6841551cb58,12
5018cc2d-d17d-46a3-95e5-5d3604804983,262d5fe1-c483-4fdb-b5a7-8097909a6ced,26
c2c2dd84-0052-4823-a983-f803d4154060,0feac56d-b036-47b5-b9ac-c450bf29650a,36
f6198779-2ac7-4977-b36f-bdb928a023b2,443362c5-9053-459b-92fd-7e19db4ef52b,47
cbe5f998-6866-4423-8708-616416fe1c49,696875c2-e7bb-4447-8d46-cea71fd6c292,44
fc1efb8f-f18b-464e-9258-e7f198c04d17,b8074882-4bbf-4de2-bc7b-6358980f7668,48
e6d78460-25f8-4895-8a58-b105a1895bb3,b019bfee-0336-4125-8e26-767b4ea10af7,41
8c1f2869-61ad-46b1-8823-1e53b3288cda,711cf533-a051-46a4-9c6f-e22e5d993c0c,12
cd97ad9e-12f9-4140-9190-8c36c207d386,1e64c9f6-281a-4910-af72-96e9b5c03176,24
b087ab0e-3486-4712-97c4-f70b5800359e,714556bd-4ece-4237-b8a6-f9afa274797f,11
5018cc2d-d17d-46a3-95e5-5d3604804983,16fd3dea-7daf-40e0-b629-983818b2e20f,26
a6983048-915d-4da6-b0d8-728264b71a70,8056b8f1-523b-433e-82e1-6a8ffa20fd40,8
23b8d3a7-326a-4a60-bc22-0bfa874354a8,262d5fe1-c483-4fdb-b5a7-8097909a6ced,49
8c1f2869-61ad-46b1-8823-1e53b3288cda,2ae0e344-335e-48dc-a979-b6841551cb58,10
b8afce90-7d6b-4b20-a1f7-5834e03332d7,893d77a8-083c-4f11-ace0-9dd8602f6561,20
7d49d534-22f4-4dd7-9648-b8a4a693086e,b8074882-4bbf-4de2-bc7b-6358980f7668,30
4880082c-ce15-4f76-87c3-c543010bb085,7a0db560-d488-4880-8aa4-461128d12cd3,48
c2c2dd84-0052-4823-a983-f803d4154060,8056b8f1-523b-433e-82e1-6a8ffa20fd40,34
93a76885-35f4-4fa6-ad64-d3187d7250ec,4be07a2b-6045-44a5-9ab6-935f4a1e86c1,12
3fb6d14d-b0d6-4a2f-a86a-438ab6ffc9c7,443362c5-9053-459b-92fd-7e19db4ef52b,14
7d49d534-22f4-4dd7-9648-b8a4a693086e,893d77a8-083c-4f11-ace0-9dd8602f6561,15
cd97ad9e-12f9-4140-9190-8c36c207d386,696875c2-e7bb-4447-8d46-cea71fd6c292,44
62e3fa40-4a4a-4d04-9a09-1bbbe0cec879,711cf533-a051-46a4-9c6f-e22e5d993c0c,28
2beff75f-39d4-4230-b015-77f558d609ba,7a0db560-d488-4880-8aa4-461128d12cd3,17
23b8d3a7-326a-4a60-bc22-0bfa874354a8,16fd3dea-7daf-40e0-b629-983818b2e20f,10
ca10d4b5-24c1-4a3b-81f6-e6ee160a5418,375c30d2-23f3-4b5a-8464-0050ac8775a7,20
62e3fa40-4a4a-4d04-9a09-1bbbe0cec879,2ae0e344-335e-48dc-a979-b6841551cb58,38
91c32b89-9f7c-4898-9ef9-e7e991fdd96b,b8074882-4bbf-4de2-bc7b-6358980f7668,19
a7471685-acb0-4b06-ae35-c3807153082e,8056b8f1-523b-433e-82e1-6a8ffa20fd40,45
5018cc2d-d17d-46a3-95e5-5d3604804983,443362c5-9053-459b-92fd-7e19db4ef52b,32
b087ab0e-3486-4712-97c4-f70b5800359e,0feac56d-b036-47b5-b9ac-c450bf29650a,42
bcf1fd68-019e-4156-9891-764a00da9180,b019bfee-0336-4125-8e26-767b4ea10af7,47
f866bd10-292b-4dc4-bf61-07fcf89999d9,262d5fe1-c483-4fdb-b5a7-8097909a6ced,3
e6d78460-25f8-4895-8a58-b105a1895bb3,696875c2-e7bb-4447-8d46-cea71fd6c292,3
363bcb79-ca33-4b0e-a3c2-92e91997d921,b8074882-4bbf-4de2-bc7b-6358980f7668,31
300c60f3-b199-4627-baeb-36de56d396fb,893d77a8-083c-4f11-ace0-9dd8602f6561,46
363bcb79-ca33-4b0e-a3c2-92e91997d921,893d77a8-083c-4f11-ace0-9dd8602f6561,16
8c1f2869-61ad-46b1-8823-1e53b3288cda,4be07a2b-6045-44a5-9ab6-935f4a1e86c1,28
f866bd10-292b-4dc4-bf61-07fcf89999d9,16fd3dea-7daf-40e0-b629-983818b2e20f,12
b8afce90-7d6b-4b20-a1f7-5834e03332d7,7a0db560-d488-4880-8aa4-461128d12cd3,27
b087ab0e-3486-4712-97c4-f70b5800359e,2ae0e344-335e-48dc-a979-b6841551cb58,40
d0fe57a2-d1e3-4174-bea4-358f662ae1a7,893d77a8-083c-4f11-ace0-9dd8602f6561,13
c7a4e539-2eee-4368-9216-2af47514b4ef,2d9205f9-cb97-44e7-bf16-ca2f533fc8df,34
c001e669-6bfa-42b3-a15b-650d90b52ece,b019bfee-0336-4125-8e26-767b4ea10af7,45
62e3fa40-4a4a-4d04-9a09-1bbbe0cec879,4be07a2b-6045-44a5-9ab6-935f4a1e86c1,48
321f212c-82d9-4e7d-89ad-ce14a9dc4be5,b019bfee-0336-4125-8e26-767b4ea10af7,3
89244e9b-431f-47d1-9609-d7ef8c38da30,67d3bfaa-4d5c-401a-af45-e22d17e5f4f9,7
cb8e195f-238f-422e-9e5c-164765dfcc9a,8056b8f1-523b-433e-82e1-6a8ffa20fd40,32
89244e9b-431f-47d1-9609-d7ef8c38da30,16fd3dea-7daf-40e0-b629-983818b2e20f,25
b0c15eb6-2a43-4c5f-8058-5b2b61e93299,893d77a8-083c-4f11-ace0-9dd8602f6561,13
321f212c-82d9-4e7d-89ad-ce14a9dc4be5,44bebaa1-d12e-4d7e-93ce-657cabe0ae40,44
c238fbe3-aa46-4bb2-b5a8-368b6c9e1334,a8a3561a-b20d-421c-ada0-8c7872ffbd28,28
bcf1fd68-019e-4156-9891-764a00da9180,696875c2-e7bb-4447-8d46-cea71fd6c292,49
09a319a4-5616-4597-9457-ecfd09353395,714556bd-4ece-4237-b8a6-f9afa274797f,20
cbe5f998-6866-4423-8708-616416fe1c49,262d5fe1-c483-4fdb-b5a7-8097909a6ced,23
23b8d3a7-326a-4a60-bc22-0bfa874354a8,0feac56d-b036-47b5-b9ac-c450bf29650a,16
300c60f3-b199-4627-baeb-36de56d396fb,7a0db560-d488-4880-8aa4-461128d12cd3,12
fc1efb8f-f18b-464e-9258-e7f198c04d17,375c30d2-23f3-4b5a-8464-0050ac8775a7,11
321f212c-82d9-4e7d-89ad-ce14a9dc4be5,1e64c9f6-281a-4910-af72-96e9b5c03176,4
cbe5f998-6866-4423-8708-616416fe1c49,16fd3dea-7daf-40e0-b629-983818b2e20f,49
7b6609b2-a353-4946-ab27-baed336023a0,b019bfee-0336-4125-8e26-767b4ea10af7,46
c238fbe3-aa46-4bb2-b5a8-368b6c9e1334,714556bd-4ece-4237-b8a6-f9afa274797f,28
89244e9b-431f-47d1-9609-d7ef8c38da30,443362c5-9053-459b-92fd-7e19db4ef52b,27
c001e669-6bfa-42b3-a15b-650d90b52ece,696875c2-e7bb-4447-8d46-cea71fd6c292,1
23b8d3a7-326a-4a60-bc22-0bfa874354a8,8056b8f1-523b-433e-82e1-6a8ffa20fd40,4
d0fe57a2-d1e3-4174-bea4-358f662ae1a7,7a0db560-d488-4880-8aa4-461128d12cd3,3
321f212c-82d9-4e7d-89ad-ce14a9dc4be5,696875c2-e7bb-4447-8d46-cea71fd6c292,6
c5d461ab-59d9-44c4-b509-61d9037d7916,b8074882-4bbf-4de2-bc7b-6358980f7668,37
cd97ad9e-12f9-4140-9190-8c36c207d386,67d3bfaa-4d5c-401a-af45-e22d17e5f4f9,8
09a319a4-5616-4597-9457-ecfd09353395,0feac56d-b036-47b5-b9ac-c450bf29650a,13
a3ee4ef2-b35d-4f56-a299-4ea0f6a05059,7a0db560-d488-4880-8aa4-461128d12cd3,7
cab3537b-3ab6-43d4-a58e-f771d3a4fe11,7a0db560-d488-4880-8aa4-461128d12cd3,21
bcf1fd68-019e-4156-9891-764a00da9180,a8a3561a-b20d-421c-ada0-8c7872ffbd28,29
cd97ad9e-12f9-4140-9190-8c36c207d386,16fd3dea-7daf-40e0-b629-983818b2e20f,18
91c32b89-9f7c-4898-9ef9-e7e991fdd96b,375c30d2-23f3-4b5a-8464-0050ac8775a7,24
f866bd10-292b-4dc4-bf61-07fcf89999d9,0feac56d-b036-47b5-b9ac-c450bf29650a,42
d15ca868-4f26-4bc2-8159-b618b051e2f1,0feac56d-b036-47b5-b9ac-c450bf29650a,16
6908714d-b5c8-49d2-aa06-97b138ac72f4,a8a3561a-b20d-421c-ada0-8c7872ffbd28,13
b0c15eb6-2a43-4c5f-8058-5b2b61e93299,7a0db560-d488-4880-8aa4-461128d12cd3,12
8d94cdc9-e74d-4cf6-9737-6bcb96b76912,7a0db560-d488-4880-8aa4-461128d12cd3,4
09a319a4-5616-4597-9457-ecfd09353395,711cf533-a051-46a4-9c6f-e22e5d993c0c,49
cbe5f998-6866-4423-8708-616416fe1c49,443362c5-9053-459b-92fd-7e19db4ef52b,29
4880082c-ce15-4f76-87c3-c543010bb085,b019bfee-0336-4125-8e26-767b4ea10af7,21
09a319a4-5616-4597-9457-ecfd09353395,2ae0e344-335e-48dc-a979-b6841551cb58,16
f866bd10-292b-4dc4-bf61-07fcf89999d9,8056b8f1-523b-433e-82e1-6a8ffa20fd40,17
d15ca868-4f26-4bc2-8159-b618b051e2f1,8056b8f1-523b-433e-82e1-6a8ffa20fd40,15
e6d78460-25f8-4895-8a58-b105a1895bb3,67d3bfaa-4d5c-401a-af45-e22d17e5f4f9,29
4880082c-ce15-4f76-87c3-c543010bb085,44bebaa1-d12e-4d7e-93ce-657cabe0ae40,42
2beff75f-39d4-4230-b015-77f558d609ba,b019bfee-0336-4125-8e26-767b4ea10af7,38
6908714d-b5c8-49d2-aa06-97b138ac72f4,714556bd-4ece-4237-b8a6-f9afa274797f,12
7b6609b2-a353-4946-ab27-baed336023a0,696875c2-e7bb-4447-8d46-cea71fd6c292,33
66e78767-d40e-48fb-b169-51485ddd9022,a8a3561a-b20d-421c-ada0-8c7872ffbd28,28
2beff75f-39d4-4230-b015-77f558d609ba,44bebaa1-d12e-4d7e-93ce-657cabe0ae40,44
c238fbe3-aa46-4bb2-b5a8-368b6c9e1334,711cf533-a051-46a4-9c6f-e22e5d993c0c,27
cd97ad9e-12f9-4140-9190-8c36c207d386,443362c5-9053-459b-92fd-7e19db4ef52b,37
c238fbe3-aa46-4bb2-b5a8-368b6c9e1334,2ae0e344-335e-48dc-a979-b6841551cb58,40
91c32b89-9f7c-4898-9ef9-e7e5c1fdd96b,0feac56d-b036-47b5-b9ac-c450bf29650a,2
b9e96b5b-ff5d-4672-b756-6b29f42ca292,b8074882-4bbf-4de2-bc7b-6358980f7668,8
01f99d76-b97b-4ae3-98c8-8091c58ef32b,2d9205f9-cb97-44e7-bf16-ca2f533fc8df,11
66e78767-d40e-48fb-b169-51485ddd9022,714556bd-4ece-4237-b8a6-f9afa274797f,24
b9e96b5b-ff5d-4672-b756-6b29f42ca292,893d77a8-083c-4f11-ace0-9dd8602f6561,11
2beff75f-39d4-4230-b015-77f558d609ba,1e64c9f6-281a-4910-af72-96e9b5c03176,9
64801cac-ce58-4324-a96a-9c392b5d1385,7a0db560-d488-4880-8aa4-461128d12cd3,16
d9c44d87-2cb5-475f-94cb-56d6dcc0934c,2d9205f9-cb97-44e7-bf16-ca2f533fc8df,12
e6d78460-25f8-4895-8a58-b105a1895bb3,443362c5-9053-459b-92fd-7e19db4ef52b,37
a6983048-915d-4da6-b0d8-728264b71a70,b8074882-4bbf-4de2-bc7b-6358980f7668,5
b8afce90-7d6b-4b20-a1f7-5834e03332d7,b019bfee-0336-4125-8e26-767b4ea10af7,6
ca10d4b5-24c1-4a3b-81f6-e6ee160a5418,a8a3561a-b20d-421c-ada0-8c7872ffbd28,22
91c32b89-9f7c-4898-9ef9-e7e5c1fdd96b,8056b8f1-523b-433e-82e1-6a8ffa20fd40,37
4880082c-ce15-4f76-87c3-c543010bb085,696875c2-e7bb-4447-8d46-cea71fd6c292,47
09a319a4-5616-4597-9457-ecfd09353395,4be07a2b-6045-44a5-9ab6-935f4a1e86c1,7
7b6609b2-a353-4946-ab27-baed336023a0,a8a3561a-b20d-421c-ada0-8c7872ffbd28,3
bcf1fd68-019e-4156-9891-764a00da9180,67d3bfaa-4d5c-401a-af45-e22d17e5f4f9,28
2beff75f-39d4-4230-b015-77f558d609ba,696875c2-e7bb-4447-8d46-cea71fd6c292,32
c2c2dd84-0052-4823-a983-f803d4154060,b8074882-4bbf-4de2-bc7b-6358980f7668,5
a6983048-915d-4da6-b0d8-728264b71a70,893d77a8-083c-4f11-ace0-9dd8602f6561,9
b8afce90-7d6b-4b20-a1f7-5834e03332d7,44bebaa1-d12e-4d7e-93ce-657cabe0ae40,30
6908714d-b5c8-49d2-aa06-97b138ac72f4,711cf533-a051-46a4-9c6f-e22e5d993c0c,39
c238fbe3-aa46-4bb2-b5a8-368b6c9e1334,4be07a2b-6045-44a5-9ab6-935f4a1e86c1,5
0e585341-438c-4b0d-910b-a4a265cee420,375c30d2-23f3-4b5a-8464-0050ac8775a7,8
6908714d-b5c8-49d2-aa06-97b138ac72f4,2ae0e344-335e-48dc-a979-b6841551cb58,7
93a76885-35f4-4fa6-ad64-d3187d7250ec,7a0db560-d488-4880-8aa4-461128d12cd3,22
ca10d4b5-24c1-4a3b-81f6-e6ee160a5418,714556bd-4ece-4237-b8a6-f9afa274797f,21
321f212c-82d9-4e7d-89ad-ce14a9dc4be5,262d5fe1-c483-4fdb-b5a7-8097909a6ced,22
c001e669-6bfa-42b3-a15b-650d90b52ece,67d3bfaa-4d5c-401a-af45-e22d17e5f4f9,25
c5d461ab-59d9-44c4-b509-61d9037d7916,375c30d2-23f3-4b5a-8464-0050ac8775a7,2
3fb6d14d-b0d6-4a2f-a86a-438ab6ffc9c7,7a0db560-d488-4880-8aa4-461128d12cd3,47
300c60f3-b199-4627-baeb-36de56d396fb,b019bfee-0336-4125-8e26-767b4ea10af7,6
321f212c-82d9-4e7d-89ad-ce14a9dc4be5,16fd3dea-7daf-40e0-b629-983818b2e20f,14
66e78767-d40e-48fb-b169-51485ddd9022,711cf533-a051-46a4-9c6f-e22e5d993c0c,6
bcf1fd68-019e-4156-9891-764a00da9180,443362c5-9053-459b-92fd-7e19db4ef52b,41
66e78767-d40e-48fb-b169-51485ddd9022,2ae0e344-335e-48dc-a979-b6841551cb58,12
b8afce90-7d6b-4b20-a1f7-5834e03332d7,696875c2-e7bb-4447-8d46-cea71fd6c292,20
300c60f3-b199-4627-baeb-36de56d396fb,44bebaa1-d12e-4d7e-93ce-657cabe0ae40,40
cab3537b-3ab6-43d4-a58e-f771d3a4fe11,2d9205f9-cb97-44e7-bf16-ca2f533fc8df,13
b087ab0e-3486-4712-97c4-f70b5800359e,b8074882-4bbf-4de2-bc7b-6358980f7668,33
d0fe57a2-d1e3-4174-bea4-358f662ae1a7,b019bfee-0336-4125-8e26-767b4ea10af7,48
bcf1fd68-019e-4156-9891-764a00da9180,4be07a2b-6045-44a5-9ab6-935f4a1e86c1,45
8c1f2869-61ad-46b1-8823-1e53b3288cda,7a0db560-d488-4880-8aa4-461128d12cd3,40
b087ab0e-3486-4712-97c4-f70b5800359e,893d77a8-083c-4f11-ace0-9dd8602f6561,44
d0fe57a2-d1e3-4174-bea4-358f662ae1a7,44bebaa1-d12e-4d7e-93ce-657cabe0ae40,12
6908714d-b5c8-49d2-aa06-97b138ac72f4,4be07a2b-6045-44a5-9ab6-935f4a1e86c1,27
a3ee4ef2-b35d-4f56-a299-4ea0f6a05059,b019bfee-0336-4125-8e26-767b4ea10af7,46
c001e669-6bfa-42b3-a15b-650d90b52ece,443362c5-9053-459b-92fd-7e19db4ef52b,2
7b6609b2-a353-4946-ab27-baed336023a0,67d3bfaa-4d5c-401a-af45-e22d17e5f4f9,19
300c60f3-b199-4627-baeb-36de56d396fb,1e64c9f6-281a-4910-af72-96e9b5c03176,16
a3ee4ef2-b35d-4f56-a299-4ea0f6a05059,44bebaa1-d12e-4d7e-93ce-657cabe0ae40,35
321f212c-82d9-4e7d-89ad-ce14a9dc4be5,443362c5-9053-459b-92fd-7e19db4ef52b,22
62e3fa40-4a4a-4d04-9a09-1bbbe0cec879,7a0db560-d488-4880-8aa4-461128d12cd3,25
cab3537b-3ab6-43d4-a58e-f771d3a4fe11,44bebaa1-d12e-4d7e-93ce-657cabe0ae40,2
ca10d4b5-24c1-4a3b-81f6-e6ee160a5418,711cf533-a051-46a4-9c6f-e22e5d993c0c,4
b0c15eb6-2a43-4c5f-8058-5b2b61e93299,b019bfee-0336-4125-8e26-767b4ea10af7,46
8d94cdc9-e74d-4cf6-9737-6bcb96b76912,b019bfee-0336-4125-8e26-767b4ea10af7,1
ca10d4b5-24c1-4a3b-81f6-e6ee160a5418,2ae0e344-335e-48dc-a979-b6841551cb58,16
b0c15eb6-2a43-4c5f-8058-5b2b61e93299,44bebaa1-d12e-4d7e-93ce-657cabe0ae40,7
fc1efb8f-f18b-464e-9258-e7f198c04d17,a8a3561a-b20d-421c-ada0-8c7872ffbd28,6
300c60f3-b199-4627-baeb-36de56d396fb,696875c2-e7bb-4447-8d46-cea71fd6c292,2
8d94cdc9-e74d-4cf6-9737-6bcb96b76912,44bebaa1-d12e-4d7e-93ce-657cabe0ae40,23
d0fe57a2-d1e3-4174-bea4-358f662ae1a7,1e64c9f6-281a-4910-af72-96e9b5c03176,27
66e78767-d40e-48fb-b169-51485ddd9022,4be07a2b-6045-44a5-9ab6-935f4a1e86c1,13
363bcb79-ca33-4b0e-a3c2-92e91997d921,696875c2-e7bb-4447-8d46-cea71fd6c292,23
4ce49aba-2144-4aed-9722-835c612ce505,2d9205f9-cb97-44e7-bf16-ca2f533fc8df,19
7d49d534-22f4-4dd7-9648-b8a4a693086e,a8a3561a-b20d-421c-ada0-8c7872ffbd28,35
a3ee4ef2-b35d-4f56-a299-4ea0f6a05059,1e64c9f6-281a-4910-af72-96e9b5c03176,22
cab3537b-3ab6-43d4-a58e-f771d3a4fe11,1e64c9f6-281a-4910-af72-96e9b5c03176,24
d0fe57a2-d1e3-4174-bea4-358f662ae1a7,696875c2-e7bb-4447-8d46-cea71fd6c292,31
5fc9d378-f866-49ca-b6af-a516ccba8811,2d9205f9-cb97-44e7-bf16-ca2f533fc8df,3
a6983048-915d-4da6-b0d8-728264b71a70,375c30d2-23f3-4b5a-8464-0050ac8775a7,41
2beff75f-39d4-4230-b015-77f558d609ba,262d5fe1-c483-4fdb-b5a7-8097909a6ced,42
4880082c-ce15-4f76-87c3-c543010bb085,67d3bfaa-4d5c-401a-af45-e22d17e5f4f9,4
fc1efb8f-f18b-464e-9258-e7f198c04d17,714556bd-4ece-4237-b8a6-f9afa274797f,48
4880082c-ce15-4f76-87c3-c543010bb085,16fd3dea-7daf-40e0-b629-983818b2e20f,29
7b6609b2-a353-4946-ab27-baed336023a0,443362c5-9053-459b-92fd-7e19db4ef52b,21
8d94cdc9-e74d-4cf6-9737-6bcb96b76912,1e64c9f6-281a-4910-af72-96e9b5c03176,28
a3ee4ef2-b35d-4f56-a299-4ea0f6a05059,696875c2-e7bb-4447-8d46-cea71fd6c292,9
c2c2dd84-0052-4823-a983-f803d4154060,375c30d2-23f3-4b5a-8464-0050ac8775a7,28
91c32b89-9f7c-4898-9ef9-e7e991fdd96b,a8a3561a-b20d-421c-ada0-8c7872ffbd28,8
a7471685-acb0-4b06-ae35-c3807153082e,2d9205f9-cb97-44e7-bf16-ca2f533fc8df,40
7d49d534-22f4-4dd7-9648-b8a4a693086e,714556bd-4ece-4237-b8a6-f9afa274797f,45
2beff75f-39d4-4230-b015-77f558d609ba,16fd3dea-7daf-40e0-b629-983818b2e20f,7
b0c15eb6-2a43-4c5f-8058-5b2b61e93299,696875c2-e7bb-4447-8d46-cea71fd6c292,4
c7a4e539-2eee-4368-9216-2af47514b4ef,711cf533-a051-46a4-9c6f-e22e5d993c0c,6
ca10d4b5-24c1-4a3b-81f6-e6ee160a5418,4be07a2b-6045-44a5-9ab6-935f4a1e86c1,19
8d94cdc9-e74d-4cf6-9737-6bcb96b76912,696875c2-e7bb-4447-8d46-cea71fd6c292,21
c7a4e539-2eee-4368-9216-2af47514b4ef,0feac56d-b036-47b5-b9ac-c450bf29650a,29
64801cac-ce58-4324-a96a-9c392b5d1385,b019bfee-0336-4125-8e26-767b4ea10af7,36
7b6609b2-a353-4946-ab27-baed336023a0,4be07a2b-6045-44a5-9ab6-935f4a1e86c1,31
a7471685-acb0-4b06-ae35-c3807153082e,375c30d2-23f3-4b5a-8464-0050ac8775a7,46
363bcb79-ca33-4b0e-a3c2-92e91997d921,a8a3561a-b20d-421c-ada0-8c7872ffbd28,34
91c32b89-9f7c-4898-9ef9-e7e991fdd96b,714556bd-4ece-4237-b8a6-f9afa274797f,11
f6198779-2ac7-4977-b36f-bdb928a023b2,2d9205f9-cb97-44e7-bf16-ca2f533fc8df,2
64801cac-ce58-4324-a96a-9c392b5d1385,44bebaa1-d12e-4d7e-93ce-657cabe0ae40,8
09a319a4-5616-4597-9457-ecfd09353395,b8074882-4bbf-4de2-bc7b-6358980f7668,3
c7a4e539-2eee-4368-9216-2af47514b4ef,8056b8f1-523b-433e-82e1-6a8ffa20fd40,10
4880082c-ce15-4f76-87c3-c543010bb085,443362c5-9053-459b-92fd-7e19db4ef52b,11
09a319a4-5616-4597-9457-ecfd09353395,893d77a8-083c-4f11-ace0-9dd8602f6561,37
d15ca868-4f26-4bc2-8159-b618b051e2f1,b8074882-4bbf-4de2-bc7b-6358980f7668,45
d15ca868-4f26-4bc2-8159-b618b051e2f1,893d77a8-083c-4f11-ace0-9dd8602f6561,5
f6198779-2ac7-4977-b36f-bdb928a023b2,375c30d2-23f3-4b5a-8464-0050ac8775a7,2
b8afce90-7d6b-4b20-a1f7-5834e03332d7,67d3bfaa-4d5c-401a-af45-e22d17e5f4f9,38
93a76885-35f4-4fa6-ad64-d3187d7250ec,b019bfee-0336-4125-8e26-767b4ea10af7,8
3fb6d14d-b0d6-4a2f-a86a-438ab6ffc9c7,2d9205f9-cb97-44e7-bf16-ca2f533fc8df,19
fc1efb8f-f18b-464e-9258-e7f198c04d17,711cf533-a051-46a4-9c6f-e22e5d993c0c,47
b8afce90-7d6b-4b20-a1f7-5834e03332d7,16fd3dea-7daf-40e0-b629-983818b2e20f,38
64801cac-ce58-4324-a96a-9c392b5d1385,1e64c9f6-281a-4910-af72-96e9b5c03176,43
93a76885-35f4-4fa6-ad64-d3187d7250ec,44bebaa1-d12e-4d7e-93ce-657cabe0ae40,4
fc1efb8f-f18b-464e-9258-e7f198c04d17,2ae0e344-335e-48dc-a979-b6841551cb58,14
7d49d534-22f4-4dd7-9648-b8a4a693086e,67d3bfaa-4d5c-401a-af45-e22d17e5f4f9,45
c238fbe3-aa46-4bb2-b5a8-368b6c9e1334,893d77a8-083c-4f11-ace0-9dd8602f6561,25
7d49d534-22f4-4dd7-9648-b8a4a693086e,711cf533-a051-46a4-9c6f-e22e5d993c0c,5
64801cac-ce58-4324-a96a-9c392b5d1385,696875c2-e7bb-4447-8d46-cea71fd6c292,42
cb8e195f-238f-422e-9e5c-164765dfcc9a,375c30d2-23f3-4b5a-8464-0050ac8775a7,20
3fb6d14d-b0d6-4a2f-a86a-438ab6ffc9c7,44bebaa1-d12e-4d7e-93ce-657cabe0ae40,40
5018cc2d-d17d-46a3-95e5-5d3604804983,2d9205f9-cb97-44e7-bf16-ca2f533fc8df,28
91c32b89-9f7c-4898-9ef9-e7e991fdd96b,711cf533-a051-46a4-9c6f-e22e5d993c0c,27
93a76885-35f4-4fa6-ad64-d3187d7250ec,1e64c9f6-281a-4910-af72-96e9b5c03176,36
91c32b89-9f7c-4898-9ef9-e7e5c1fdd96b,b8074882-4bbf-4de2-bc7b-6358980f7668,8
91c32b89-9f7c-4898-9ef9-e7e991fdd96b,2ae0e344-335e-48dc-a979-b6841551cb58,24
8c1f2869-61ad-46b1-8823-1e53b3288cda,b019bfee-0336-4125-8e26-767b4ea10af7,29
300c60f3-b199-4627-baeb-36de56d396fb,67d3bfaa-4d5c-401a-af45-e22d17e5f4f9,45
b8afce90-7d6b-4b20-a1f7-5834e03332d7,443362c5-9053-459b-92fd-7e19db4ef52b,1
91c32b89-9f7c-4898-9ef9-e7e5c1fdd96b,893d77a8-083c-4f11-ace0-9dd8602f6561,23
363bcb79-ca33-4b0e-a3c2-92e91997d921,67d3bfaa-4d5c-401a-af45-e22d17e5f4f9,44
5018cc2d-d17d-46a3-95e5-5d3604804983,375c30d2-23f3-4b5a-8464-0050ac8775a7,9
93a76885-35f4-4fa6-ad64-d3187d7250ec,696875c2-e7bb-4447-8d46-cea71fd6c292,25
300c60f3-b199-4627-baeb-36de56d396fb,16fd3dea-7daf-40e0-b629-983818b2e20f,30
8c1f2869-61ad-46b1-8823-1e53b3288cda,44bebaa1-d12e-4d7e-93ce-657cabe0ae40,21
3fb6d14d-b0d6-4a2f-a86a-438ab6ffc9c7,1e64c9f6-281a-4910-af72-96e9b5c03176,40
6908714d-b5c8-49d2-aa06-97b138ac72f4,b8074882-4bbf-4de2-bc7b-6358980f7668,11
fc1efb8f-f18b-464e-9258-e7f198c04d17,4be07a2b-6045-44a5-9ab6-935f4a1e86c1,11
62e3fa40-4a4a-4d04-9a09-1bbbe0cec879,b019bfee-0336-4125-8e26-767b4ea10af7,1
c5d461ab-59d9-44c4-b509-61d9037d7916,a8a3561a-b20d-421c-ada0-8c7872ffbd28,46
d0fe57a2-d1e3-4174-bea4-358f662ae1a7,67d3bfaa-4d5c-401a-af45-e22d17e5f4f9,19
a3ee4ef2-b35d-4f56-a299-4ea0f6a05059,262d5fe1-c483-4fdb-b5a7-8097909a6ced,43
6908714d-b5c8-49d2-aa06-97b138ac72f4,893d77a8-083c-4f11-ace0-9dd8602f6561,29
2beff75f-39d4-4230-b015-77f558d609ba,8056b8f1-523b-433e-82e1-6a8ffa20fd40,9
cab3537b-3ab6-43d4-a58e-f771d3a4fe11,262d5fe1-c483-4fdb-b5a7-8097909a6ced,7
e6d78460-25f8-4895-8a58-b105a1895bb3,7a0db560-d488-4880-8aa4-461128d12cd3,49
62e3fa40-4a4a-4d04-9a09-1bbbe0cec879,44bebaa1-d12e-4d7e-93ce-657cabe0ae40,48
23b8d3a7-326a-4a60-bc22-0bfa874354a8,375c30d2-23f3-4b5a-8464-0050ac8775a7,33
c238fbe3-aa46-4bb2-b5a8-368b6c9e1334,7a0db560-d488-4880-8aa4-461128d12cd3,12
0e585341-438c-4b0d-910b-a4a265cee420,714556bd-4ece-4237-b8a6-f9afa274797f,34
7d49d534-22f4-4dd7-9648-b8a4a693086e,4be07a2b-6045-44a5-9ab6-935f4a1e86c1,26
a3ee4ef2-b35d-4f56-a299-4ea0f6a05059,67d3bfaa-4d5c-401a-af45-e22d17e5f4f9,35
d0fe57a2-d1e3-4174-bea4-358f662ae1a7,16fd3dea-7daf-40e0-b629-983818b2e20f,30
a3ee4ef2-b35d-4f56-a299-4ea0f6a05059,16fd3dea-7daf-40e0-b629-983818b2e20f,4
8d94cdc9-e74d-4cf6-9737-6bcb96b76912,262d5fe1-c483-4fdb-b5a7-8097909a6ced,37
8c1f2869-61ad-46b1-8823-1e53b3288cda,1e64c9f6-281a-4910-af72-96e9b5c03176,20
cab3537b-3ab6-43d4-a58e-f771d3a4fe11,16fd3dea-7daf-40e0-b629-983818b2e20f,32
b0c15eb6-2a43-4c5f-8058-5b2b61e93299,67d3bfaa-4d5c-401a-af45-e22d17e5f4f9,21
c5d461ab-59d9-44c4-b509-61d9037d7916,714556bd-4ece-4237-b8a6-f9afa274797f,12
300c60f3-b199-4627-baeb-36de56d396fb,443362c5-9053-459b-92fd-7e19db4ef52b,49
b0c15eb6-2a43-4c5f-8058-5b2b61e93299,16fd3dea-7daf-40e0-b629-983818b2e20f,3
01f99d76-b97b-4ae3-98c8-8091c58ef32b,0feac56d-b036-47b5-b9ac-c450bf29650a,34
91c32b89-9f7c-4898-9ef9-e7e991fdd96b,4be07a2b-6045-44a5-9ab6-935f4a1e86c1,32
8d94cdc9-e74d-4cf6-9737-6bcb96b76912,67d3bfaa-4d5c-401a-af45-e22d17e5f4f9,10
66e78767-d40e-48fb-b169-51485ddd9022,893d77a8-083c-4f11-ace0-9dd8602f6561,47
363bcb79-ca33-4b0e-a3c2-92e91997d921,443362c5-9053-459b-92fd-7e19db4ef52b,36
8c1f2869-61ad-46b1-8823-1e53b3288cda,696875c2-e7bb-4447-8d46-cea71fd6c292,22
8d94cdc9-e74d-4cf6-9737-6bcb96b76912,16fd3dea-7daf-40e0-b629-983818b2e20f,42
62e3fa40-4a4a-4d04-9a09-1bbbe0cec879,1e64c9f6-281a-4910-af72-96e9b5c03176,11
d9c44d87-2cb5-475f-94cb-56d6dcc0934c,0feac56d-b036-47b5-b9ac-c450bf29650a,40
d0fe57a2-d1e3-4174-bea4-358f662ae1a7,443362c5-9053-459b-92fd-7e19db4ef52b,16
d9c44d87-2cb5-475f-94cb-56d6dcc0934c,262d5fe1-c483-4fdb-b5a7-8097909a6ced,19
0e585341-438c-4b0d-910b-a4a265cee420,0feac56d-b036-47b5-b9ac-c450bf29650a,48
f866bd10-292b-4dc4-bf61-07fcf89999d9,375c30d2-23f3-4b5a-8464-0050ac8775a7,37
d15ca868-4f26-4bc2-8159-b618b051e2f1,375c30d2-23f3-4b5a-8464-0050ac8775a7,49
01f99d76-b97b-4ae3-98c8-8091c58ef32b,8056b8f1-523b-433e-82e1-6a8ffa20fd40,33
62e3fa40-4a4a-4d04-9a09-1bbbe0cec879,696875c2-e7bb-4447-8d46-cea71fd6c292,30
89244e9b-431f-47d1-9609-d7ef8c38da30,2d9205f9-cb97-44e7-bf16-ca2f533fc8df,10
363bcb79-ca33-4b0e-a3c2-92e91997d921,4be07a2b-6045-44a5-9ab6-935f4a1e86c1,40
bcf1fd68-019e-4156-9891-764a00da9180,7a0db560-d488-4880-8aa4-461128d12cd3,16
a3ee4ef2-b35d-4f56-a299-4ea0f6a05059,443362c5-9053-459b-92fd-7e19db4ef52b,23
b9e96b5b-ff5d-4672-b756-6b29f42ca292,a8a3561a-b20d-421c-ada0-8c7872ffbd28,15
0e585341-438c-4b0d-910b-a4a265cee420,711cf533-a051-46a4-9c6f-e22e5d993c0c,34
d9c44d87-2cb5-475f-94cb-56d6dcc0934c,8056b8f1-523b-433e-82e1-6a8ffa20fd40,5
b0c15eb6-2a43-4c5f-8058-5b2b61e93299,443362c5-9053-459b-92fd-7e19db4ef52b,40
0e585341-438c-4b0d-910b-a4a265cee420,2ae0e344-335e-48dc-a979-b6841551cb58,49
ca10d4b5-24c1-4a3b-81f6-e6ee160a5418,893d77a8-083c-4f11-ace0-9dd8602f6561,17
8d94cdc9-e74d-4cf6-9737-6bcb96b76912,443362c5-9053-459b-92fd-7e19db4ef52b,28
64801cac-ce58-4324-a96a-9c392b5d1385,262d5fe1-c483-4fdb-b5a7-8097909a6ced,9
a6983048-915d-4da6-b0d8-728264b71a70,a8a3561a-b20d-421c-ada0-8c7872ffbd28,24
c5d461ab-59d9-44c4-b509-61d9037d7916,711cf533-a051-46a4-9c6f-e22e5d993c0c,15
64801cac-ce58-4324-a96a-9c392b5d1385,67d3bfaa-4d5c-401a-af45-e22d17e5f4f9,3
cbe5f998-6866-4423-8708-616416fe1c49,2d9205f9-cb97-44e7-bf16-ca2f533fc8df,33
c001e669-6bfa-42b3-a15b-650d90b52ece,7a0db560-d488-4880-8aa4-461128d12cd3,31
c2c2dd84-0052-4823-a983-f803d4154060,a8a3561a-b20d-421c-ada0-8c7872ffbd28,29
64801cac-ce58-4324-a96a-9c392b5d1385,16fd3dea-7daf-40e0-b629-983818b2e20f,1
c5d461ab-59d9-44c4-b509-61d9037d7916,2ae0e344-335e-48dc-a979-b6841551cb58,40
93a76885-35f4-4fa6-ad64-d3187d7250ec,262d5fe1-c483-4fdb-b5a7-8097909a6ced,45
a6983048-915d-4da6-b0d8-728264b71a70,714556bd-4ece-4237-b8a6-f9afa274797f,17
cbe5f998-6866-4423-8708-616416fe1c49,375c30d2-23f3-4b5a-8464-0050ac8775a7,33
fc1efb8f-f18b-464e-9258-e7f198c04d17,8056b8f1-523b-433e-82e1-6a8ffa20fd40,22
89244e9b-431f-47d1-9609-d7ef8c38da30,1e64c9f6-281a-4910-af72-96e9b5c03176,49
cd97ad9e-12f9-4140-9190-8c36c207d386,2d9205f9-cb97-44e7-bf16-ca2f533fc8df,11
93a76885-35f4-4fa6-ad64-d3187d7250ec,67d3bfaa-4d5c-401a-af45-e22d17e5f4f9,2
c2c2dd84-0052-4823-a983-f803d4154060,714556bd-4ece-4237-b8a6-f9afa274797f,25
93a76885-35f4-4fa6-ad64-d3187d7250ec,16fd3dea-7daf-40e0-b629-983818b2e20f,40
3fb6d14d-b0d6-4a2f-a86a-438ab6ffc9c7,262d5fe1-c483-4fdb-b5a7-8097909a6ced,44
64801cac-ce58-4324-a96a-9c392b5d1385,443362c5-9053-459b-92fd-7e19db4ef52b,15
cab3537b-3ab6-43d4-a58e-f771d3a4fe11,8056b8f1-523b-433e-82e1-6a8ffa20fd40,1
ca10d4b5-24c1-4a3b-81f6-e6ee160a5418,7a0db560-d488-4880-8aa4-461128d12cd3,11
a7471685-acb0-4b06-ae35-c3807153082e,714556bd-4ece-4237-b8a6-f9afa274797f,29
7b6609b2-a353-4946-ab27-baed336023a0,7a0db560-d488-4880-8aa4-461128d12cd3,29
b9e96b5b-ff5d-4672-b756-6b29f42ca292,67d3bfaa-4d5c-401a-af45-e22d17e5f4f9,27
09a319a4-5616-4597-9457-ecfd09353395,b019bfee-0336-4125-8e26-767b4ea10af7,7
3fb6d14d-b0d6-4a2f-a86a-438ab6ffc9c7,16fd3dea-7daf-40e0-b629-983818b2e20f,43
c7a4e539-2eee-4368-9216-2af47514b4ef,b8074882-4bbf-4de2-bc7b-6358980f7668,42
b087ab0e-3486-4712-97c4-f70b5800359e,a8a3561a-b20d-421c-ada0-8c7872ffbd28,43
c5d461ab-59d9-44c4-b509-61d9037d7916,4be07a2b-6045-44a5-9ab6-935f4a1e86c1,41
b9e96b5b-ff5d-4672-b756-6b29f42ca292,711cf533-a051-46a4-9c6f-e22e5d993c0c,39
e6d78460-25f8-4895-8a58-b105a1895bb3,2d9205f9-cb97-44e7-bf16-ca2f533fc8df,23
c7a4e539-2eee-4368-9216-2af47514b4ef,893d77a8-083c-4f11-ace0-9dd8602f6561,13
8c1f2869-61ad-46b1-8823-1e53b3288cda,262d5fe1-c483-4fdb-b5a7-8097909a6ced,19
4ce49aba-2144-4aed-9722-835c612ce505,0feac56d-b036-47b5-b9ac-c450bf29650a,23
93a76885-35f4-4fa6-ad64-d3187d7250ec,443362c5-9053-459b-92fd-7e19db4ef52b,5
8c1f2869-61ad-46b1-8823-1e53b3288cda,67d3bfaa-4d5c-401a-af45-e22d17e5f4f9,8
a6983048-915d-4da6-b0d8-728264b71a70,711cf533-a051-46a4-9c6f-e22e5d993c0c,27
c238fbe3-aa46-4bb2-b5a8-368b6c9e1334,b019bfee-0336-4125-8e26-767b4ea10af7,5
8c1f2869-61ad-46b1-8823-1e53b3288cda,16fd3dea-7daf-40e0-b629-983818b2e20f,40
01f99d76-b97b-4ae3-98c8-8091c58ef32b,16fd3dea-7daf-40e0-b629-983818b2e20f,30
fc1efb8f-f18b-464e-9258-e7f198c04d17,893d77a8-083c-4f11-ace0-9dd8602f6561,21
62e3fa40-4a4a-4d04-9a09-1bbbe0cec879,262d5fe1-c483-4fdb-b5a7-8097909a6ced,32
5fc9d378-f866-49ca-b6af-a516ccba8811,0feac56d-b036-47b5-b9ac-c450bf29650a,32
e6d78460-25f8-4895-8a58-b105a1895bb3,44bebaa1-d12e-4d7e-93ce-657cabe0ae40,47
a6983048-915d-4da6-b0d8-728264b71a70,2ae0e344-335e-48dc-a979-b6841551cb58,22
c2c2dd84-0052-4823-a983-f803d4154060,711cf533-a051-46a4-9c6f-e22e5d993c0c,47
c238fbe3-aa46-4bb2-b5a8-368b6c9e1334,44bebaa1-d12e-4d7e-93ce-657cabe0ae40,21
a7471685-acb0-4b06-ae35-c3807153082e,0feac56d-b036-47b5-b9ac-c450bf29650a,20
62e3fa40-4a4a-4d04-9a09-1bbbe0cec879,67d3bfaa-4d5c-401a-af45-e22d17e5f4f9,4
4ce49aba-2144-4aed-9722-835c612ce505,8056b8f1-523b-433e-82e1-6a8ffa20fd40,8
c2c2dd84-0052-4823-a983-f803d4154060,2ae0e344-335e-48dc-a979-b6841551cb58,36
62e3fa40-4a4a-4d04-9a09-1bbbe0cec879,16fd3dea-7daf-40e0-b629-983818b2e20f,10
b9e96b5b-ff5d-4672-b756-6b29f42ca292,443362c5-9053-459b-92fd-7e19db4ef52b,14
cb8e195f-238f-422e-9e5c-164765dfcc9a,714556bd-4ece-4237-b8a6-f9afa274797f,37
5fc9d378-f866-49ca-b6af-a516ccba8811,8056b8f1-523b-433e-82e1-6a8ffa20fd40,37
bcf1fd68-019e-4156-9891-764a00da9180,2d9205f9-cb97-44e7-bf16-ca2f533fc8df,11
09a319a4-5616-4597-9457-ecfd09353395,696875c2-e7bb-4447-8d46-cea71fd6c292,40
e6d78460-25f8-4895-8a58-b105a1895bb3,1e64c9f6-281a-4910-af72-96e9b5c03176,49
a7471685-acb0-4b06-ae35-c3807153082e,2ae0e344-335e-48dc-a979-b6841551cb58,48
91c32b89-9f7c-4898-9ef9-e7e991fdd96b,893d77a8-083c-4f11-ace0-9dd8602f6561,8
c238fbe3-aa46-4bb2-b5a8-368b6c9e1334,1e64c9f6-281a-4910-af72-96e9b5c03176,30
b9e96b5b-ff5d-4672-b756-6b29f42ca292,4be07a2b-6045-44a5-9ab6-935f4a1e86c1,21
8c1f2869-61ad-46b1-8823-1e53b3288cda,443362c5-9053-459b-92fd-7e19db4ef52b,3
f6198779-2ac7-4977-b36f-bdb928a023b2,0feac56d-b036-47b5-b9ac-c450bf29650a,1
23b8d3a7-326a-4a60-bc22-0bfa874354a8,a8a3561a-b20d-421c-ada0-8c7872ffbd28,42
6908714d-b5c8-49d2-aa06-97b138ac72f4,b019bfee-0336-4125-8e26-767b4ea10af7,22
c238fbe3-aa46-4bb2-b5a8-368b6c9e1334,696875c2-e7bb-4447-8d46-cea71fd6c292,41
b087ab0e-3486-4712-97c4-f70b5800359e,67d3bfaa-4d5c-401a-af45-e22d17e5f4f9,11
bcf1fd68-019e-4156-9891-764a00da9180,44bebaa1-d12e-4d7e-93ce-657cabe0ae40,40
a6983048-915d-4da6-b0d8-728264b71a70,4be07a2b-6045-44a5-9ab6-935f4a1e86c1,14
62e3fa40-4a4a-4d04-9a09-1bbbe0cec879,443362c5-9053-459b-92fd-7e19db4ef52b,18
c001e669-6bfa-42b3-a15b-650d90b52ece,2d9205f9-cb97-44e7-bf16-ca2f533fc8df,8
b087ab0e-3486-4712-97c4-f70b5800359e,711cf533-a051-46a4-9c6f-e22e5d993c0c,46
3fb6d14d-b0d6-4a2f-a86a-438ab6ffc9c7,0feac56d-b036-47b5-b9ac-c450bf29650a,38
f6198779-2ac7-4977-b36f-bdb928a023b2,8056b8f1-523b-433e-82e1-6a8ffa20fd40,38
cb8e195f-238f-422e-9e5c-164765dfcc9a,0feac56d-b036-47b5-b9ac-c450bf29650a,43
321f212c-82d9-4e7d-89ad-ce14a9dc4be5,2d9205f9-cb97-44e7-bf16-ca2f533fc8df,41
c2c2dd84-0052-4823-a983-f803d4154060,4be07a2b-6045-44a5-9ab6-935f4a1e86c1,39
23b8d3a7-326a-4a60-bc22-0bfa874354a8,714556bd-4ece-4237-b8a6-f9afa274797f,9
89244e9b-431f-47d1-9609-d7ef8c38da30,262d5fe1-c483-4fdb-b5a7-8097909a6ced,44
09a319a4-5616-4597-9457-ecfd09353395,a8a3561a-b20d-421c-ada0-8c7872ffbd28,2
7d49d534-22f4-4dd7-9648-b8a4a693086e,7a0db560-d488-4880-8aa4-461128d12cd3,33
66e78767-d40e-48fb-b169-51485ddd9022,b019bfee-0336-4125-8e26-767b4ea10af7,21
f866bd10-292b-4dc4-bf61-07fcf89999d9,a8a3561a-b20d-421c-ada0-8c7872ffbd28,1
d15ca868-4f26-4bc2-8159-b618b051e2f1,a8a3561a-b20d-421c-ada0-8c7872ffbd28,42
c001e669-6bfa-42b3-a15b-650d90b52ece,44bebaa1-d12e-4d7e-93ce-657cabe0ae40,37
bcf1fd68-019e-4156-9891-764a00da9180,1e64c9f6-281a-4910-af72-96e9b5c03176,14
3fb6d14d-b0d6-4a2f-a86a-438ab6ffc9c7,8056b8f1-523b-433e-82e1-6a8ffa20fd40,3
cb8e195f-238f-422e-9e5c-164765dfcc9a,2ae0e344-335e-48dc-a979-b6841551cb58,22
321f212c-82d9-4e7d-89ad-ce14a9dc4be5,375c30d2-23f3-4b5a-8464-0050ac8775a7,17
5018cc2d-d17d-46a3-95e5-5d3604804983,0feac56d-b036-47b5-b9ac-c450bf29650a,11
66e78767-d40e-48fb-b169-51485ddd9022,44bebaa1-d12e-4d7e-93ce-657cabe0ae40,48
c7a4e539-2eee-4368-9216-2af47514b4ef,375c30d2-23f3-4b5a-8464-0050ac8775a7,48
01f99d76-b97b-4ae3-98c8-8091c58ef32b,b8074882-4bbf-4de2-bc7b-6358980f7668,21
6908714d-b5c8-49d2-aa06-97b138ac72f4,696875c2-e7bb-4447-8d46-cea71fd6c292,14
7b6609b2-a353-4946-ab27-baed336023a0,2d9205f9-cb97-44e7-bf16-ca2f533fc8df,15
f866bd10-292b-4dc4-bf61-07fcf89999d9,714556bd-4ece-4237-b8a6-f9afa274797f,22
01f99d76-b97b-4ae3-98c8-8091c58ef32b,893d77a8-083c-4f11-ace0-9dd8602f6561,37
d15ca868-4f26-4bc2-8159-b618b051e2f1,714556bd-4ece-4237-b8a6-f9afa274797f,34
5018cc2d-d17d-46a3-95e5-5d3604804983,8056b8f1-523b-433e-82e1-6a8ffa20fd40,24
c001e669-6bfa-42b3-a15b-650d90b52ece,1e64c9f6-281a-4910-af72-96e9b5c03176,16
5018cc2d-d17d-46a3-95e5-5d3604804983,2ae0e344-335e-48dc-a979-b6841551cb58,23
363bcb79-ca33-4b0e-a3c2-92e91997d921,7a0db560-d488-4880-8aa4-461128d12cd3,40
d9c44d87-2cb5-475f-94cb-56d6dcc0934c,b8074882-4bbf-4de2-bc7b-6358980f7668,6
b087ab0e-3486-4712-97c4-f70b5800359e,4be07a2b-6045-44a5-9ab6-935f4a1e86c1,45
ca10d4b5-24c1-4a3b-81f6-e6ee160a5418,b019bfee-0336-4125-8e26-767b4ea10af7,44
0e585341-438c-4b0d-910b-a4a265cee420,b8074882-4bbf-4de2-bc7b-6358980f7668,41
23b8d3a7-326a-4a60-bc22-0bfa874354a8,711cf533-a051-46a4-9c6f-e22e5d993c0c,37
d9c44d87-2cb5-475f-94cb-56d6dcc0934c,893d77a8-083c-4f11-ace0-9dd8602f6561,23
0e585341-438c-4b0d-910b-a4a265cee420,893d77a8-083c-4f11-ace0-9dd8602f6561,20
ca10d4b5-24c1-4a3b-81f6-e6ee160a5418,44bebaa1-d12e-4d7e-93ce-657cabe0ae40,47
cd97ad9e-12f9-4140-9190-8c36c207d386,262d5fe1-c483-4fdb-b5a7-8097909a6ced,33
91c32b89-9f7c-4898-9ef9-e7e5c1fdd96b,a8a3561a-b20d-421c-ada0-8c7872ffbd28,11
7b6609b2-a353-4946-ab27-baed336023a0,44bebaa1-d12e-4d7e-93ce-657cabe0ae40,42
66e78767-d40e-48fb-b169-51485ddd9022,696875c2-e7bb-4447-8d46-cea71fd6c292,24
23b8d3a7-326a-4a60-bc22-0bfa874354a8,2ae0e344-335e-48dc-a979-b6841551cb58,41
4880082c-ce15-4f76-87c3-c543010bb085,2d9205f9-cb97-44e7-bf16-ca2f533fc8df,41
c5d461ab-59d9-44c4-b509-61d9037d7916,893d77a8-083c-4f11-ace0-9dd8602f6561,18
09a319a4-5616-4597-9457-ecfd09353395,67d3bfaa-4d5c-401a-af45-e22d17e5f4f9,12
2beff75f-39d4-4230-b015-77f558d609ba,2d9205f9-cb97-44e7-bf16-ca2f533fc8df,15
ca10d4b5-24c1-4a3b-81f6-e6ee160a5418,1e64c9f6-281a-4910-af72-96e9b5c03176,46
91c32b89-9f7c-4898-9ef9-e7e5c1fdd96b,714556bd-4ece-4237-b8a6-f9afa274797f,30
7b6609b2-a353-4946-ab27-baed336023a0,1e64c9f6-281a-4910-af72-96e9b5c03176,15
e6d78460-25f8-4895-8a58-b105a1895bb3,262d5fe1-c483-4fdb-b5a7-8097909a6ced,22
f866bd10-292b-4dc4-bf61-07fcf89999d9,711cf533-a051-46a4-9c6f-e22e5d993c0c,20
d15ca868-4f26-4bc2-8159-b618b051e2f1,711cf533-a051-46a4-9c6f-e22e5d993c0c,16
f866bd10-292b-4dc4-bf61-07fcf89999d9,2ae0e344-335e-48dc-a979-b6841551cb58,46
ca10d4b5-24c1-4a3b-81f6-e6ee160a5418,696875c2-e7bb-4447-8d46-cea71fd6c292,38
c238fbe3-aa46-4bb2-b5a8-368b6c9e1334,67d3bfaa-4d5c-401a-af45-e22d17e5f4f9,9
89244e9b-431f-47d1-9609-d7ef8c38da30,0feac56d-b036-47b5-b9ac-c450bf29650a,17
d15ca868-4f26-4bc2-8159-b618b051e2f1,2ae0e344-335e-48dc-a979-b6841551cb58,38
e6d78460-25f8-4895-8a58-b105a1895bb3,16fd3dea-7daf-40e0-b629-983818b2e20f,7
2beff75f-39d4-4230-b015-77f558d609ba,375c30d2-23f3-4b5a-8464-0050ac8775a7,45
c238fbe3-aa46-4bb2-b5a8-368b6c9e1334,16fd3dea-7daf-40e0-b629-983818b2e20f,45
23b8d3a7-326a-4a60-bc22-0bfa874354a8,4be07a2b-6045-44a5-9ab6-935f4a1e86c1,21
89244e9b-431f-47d1-9609-d7ef8c38da30,8056b8f1-523b-433e-82e1-6a8ffa20fd40,28
09a319a4-5616-4597-9457-ecfd09353395,443362c5-9053-459b-92fd-7e19db4ef52b,12
4880082c-ce15-4f76-87c3-c543010bb085,1e64c9f6-281a-4910-af72-96e9b5c03176,21
b8afce90-7d6b-4b20-a1f7-5834e03332d7,2d9205f9-cb97-44e7-bf16-ca2f533fc8df,39
c5d461ab-59d9-44c4-b509-61d9037d7916,7a0db560-d488-4880-8aa4-461128d12cd3,5
cbe5f998-6866-4423-8708-616416fe1c49,0feac56d-b036-47b5-b9ac-c450bf29650a,6
91c32b89-9f7c-4898-9ef9-e7e5c1fdd96b,67d3bfaa-4d5c-401a-af45-e22d17e5f4f9,35
bcf1fd68-019e-4156-9891-764a00da9180,262d5fe1-c483-4fdb-b5a7-8097909a6ced,9
fc1efb8f-f18b-464e-9258-e7f198c04d17,b019bfee-0336-4125-8e26-767b4ea10af7,27
91c32b89-9f7c-4898-9ef9-e7e5c1fdd96b,711cf533-a051-46a4-9c6f-e22e5d993c0c,1
c238fbe3-aa46-4bb2-b5a8-368b6c9e1334,443362c5-9053-459b-92fd-7e19db4ef52b,26
01f99d76-b97b-4ae3-98c8-8091c58ef32b,375c30d2-23f3-4b5a-8464-0050ac8775a7,41
91c32b89-9f7c-4898-9ef9-e7e5c1fdd96b,2ae0e344-335e-48dc-a979-b6841551cb58,1
fc1efb8f-f18b-464e-9258-e7f198c04d17,44bebaa1-d12e-4d7e-93ce-657cabe0ae40,19
d15ca868-4f26-4bc2-8159-b618b051e2f1,4be07a2b-6045-44a5-9ab6-935f4a1e86c1,4
f866bd10-292b-4dc4-bf61-07fcf89999d9,4be07a2b-6045-44a5-9ab6-935f4a1e86c1,5
4ce49aba-2144-4aed-9722-835c612ce505,b8074882-4bbf-4de2-bc7b-6358980f7668,41
7d49d534-22f4-4dd7-9648-b8a4a693086e,b019bfee-0336-4125-8e26-767b4ea10af7,35
cbe5f998-6866-4423-8708-616416fe1c49,8056b8f1-523b-433e-82e1-6a8ffa20fd40,1
bcf1fd68-019e-4156-9891-764a00da9180,16fd3dea-7daf-40e0-b629-983818b2e20f,25
cbe5f998-6866-4423-8708-616416fe1c49,2ae0e344-335e-48dc-a979-b6841551cb58,18
6908714d-b5c8-49d2-aa06-97b138ac72f4,67d3bfaa-4d5c-401a-af45-e22d17e5f4f9,21
cd97ad9e-12f9-4140-9190-8c36c207d386,0feac56d-b036-47b5-b9ac-c450bf29650a,1
c2c2dd84-0052-4823-a983-f803d4154060,893d77a8-083c-4f11-ace0-9dd8602f6561,41
4ce49aba-2144-4aed-9722-835c612ce505,893d77a8-083c-4f11-ace0-9dd8602f6561,34
d9c44d87-2cb5-475f-94cb-56d6dcc0934c,375c30d2-23f3-4b5a-8464-0050ac8775a7,25
7d49d534-22f4-4dd7-9648-b8a4a693086e,44bebaa1-d12e-4d7e-93ce-657cabe0ae40,42
5fc9d378-f866-49ca-b6af-a516ccba8811,b8074882-4bbf-4de2-bc7b-6358980f7668,21
c001e669-6bfa-42b3-a15b-650d90b52ece,262d5fe1-c483-4fdb-b5a7-8097909a6ced,35
91c32b89-9f7c-4898-9ef9-e7e991fdd96b,b019bfee-0336-4125-8e26-767b4ea10af7,7
a7471685-acb0-4b06-ae35-c3807153082e,b8074882-4bbf-4de2-bc7b-6358980f7668,46
5fc9d378-f866-49ca-b6af-a516ccba8811,893d77a8-083c-4f11-ace0-9dd8602f6561,17
300c60f3-b199-4627-baeb-36de56d396fb,2d9205f9-cb97-44e7-bf16-ca2f533fc8df,7
363bcb79-ca33-4b0e-a3c2-92e91997d921,2d9205f9-cb97-44e7-bf16-ca2f533fc8df,2
a7471685-acb0-4b06-ae35-c3807153082e,893d77a8-083c-4f11-ace0-9dd8602f6561,2
cd97ad9e-12f9-4140-9190-8c36c207d386,8056b8f1-523b-433e-82e1-6a8ffa20fd40,26
66e78767-d40e-48fb-b169-51485ddd9022,67d3bfaa-4d5c-401a-af45-e22d17e5f4f9,43
b8afce90-7d6b-4b20-a1f7-5834e03332d7,1e64c9f6-281a-4910-af72-96e9b5c03176,41
c001e669-6bfa-42b3-a15b-650d90b52ece,16fd3dea-7daf-40e0-b629-983818b2e20f,25
e6d78460-25f8-4895-8a58-b105a1895bb3,0feac56d-b036-47b5-b9ac-c450bf29650a,13
d0fe57a2-d1e3-4174-bea4-358f662ae1a7,2d9205f9-cb97-44e7-bf16-ca2f533fc8df,2
fc1efb8f-f18b-464e-9258-e7f198c04d17,696875c2-e7bb-4447-8d46-cea71fd6c292,3
7d49d534-22f4-4dd7-9648-b8a4a693086e,1e64c9f6-281a-4910-af72-96e9b5c03176,40
363bcb79-ca33-4b0e-a3c2-92e91997d921,b019bfee-0336-4125-8e26-767b4ea10af7,45
b9e96b5b-ff5d-4672-b756-6b29f42ca292,7a0db560-d488-4880-8aa4-461128d12cd3,25
6908714d-b5c8-49d2-aa06-97b138ac72f4,443362c5-9053-459b-92fd-7e19db4ef52b,18
91c32b89-9f7c-4898-9ef9-e7e5c1fdd96b,4be07a2b-6045-44a5-9ab6-935f4a1e86c1,13
f6198779-2ac7-4977-b36f-bdb928a023b2,b8074882-4bbf-4de2-bc7b-6358980f7668,41
a3ee4ef2-b35d-4f56-a299-4ea0f6a05059,2d9205f9-cb97-44e7-bf16-ca2f533fc8df,29
363bcb79-ca33-4b0e-a3c2-92e91997d921,44bebaa1-d12e-4d7e-93ce-657cabe0ae40,22
f6198779-2ac7-4977-b36f-bdb928a023b2,893d77a8-083c-4f11-ace0-9dd8602f6561,28
7d49d534-22f4-4dd7-9648-b8a4a693086e,696875c2-e7bb-4447-8d46-cea71fd6c292,11
a6983048-915d-4da6-b0d8-728264b71a70,7a0db560-d488-4880-8aa4-461128d12cd3,35
e6d78460-25f8-4895-8a58-b105a1895bb3,8056b8f1-523b-433e-82e1-6a8ffa20fd40,13
b0c15eb6-2a43-4c5f-8058-5b2b61e93299,2d9205f9-cb97-44e7-bf16-ca2f533fc8df,8
8d94cdc9-e74d-4cf6-9737-6bcb96b76912,2d9205f9-cb97-44e7-bf16-ca2f533fc8df,33
7b6609b2-a353-4946-ab27-baed336023a0,262d5fe1-c483-4fdb-b5a7-8097909a6ced,13
c7a4e539-2eee-4368-9216-2af47514b4ef,a8a3561a-b20d-421c-ada0-8c7872ffbd28,30
c2c2dd84-0052-4823-a983-f803d4154060,7a0db560-d488-4880-8aa4-461128d12cd3,31
ca10d4b5-24c1-4a3b-81f6-e6ee160a5418,67d3bfaa-4d5c-401a-af45-e22d17e5f4f9,11
91c32b89-9f7c-4898-9ef9-e7e991fdd96b,696875c2-e7bb-4447-8d46-cea71fd6c292,45
cab3537b-3ab6-43d4-a58e-f771d3a4fe11,375c30d2-23f3-4b5a-8464-0050ac8775a7,44
cb8e195f-238f-422e-9e5c-164765dfcc9a,b8074882-4bbf-4de2-bc7b-6358980f7668,42
66e78767-d40e-48fb-b169-51485ddd9022,443362c5-9053-459b-92fd-7e19db4ef52b,4
ca10d4b5-24c1-4a3b-81f6-e6ee160a5418,16fd3dea-7daf-40e0-b629-983818b2e20f,27
7b6609b2-a353-4946-ab27-baed336023a0,16fd3dea-7daf-40e0-b629-983818b2e20f,7
363bcb79-ca33-4b0e-a3c2-92e91997d921,1e64c9f6-281a-4910-af72-96e9b5c03176,7
cb8e195f-238f-422e-9e5c-164765dfcc9a,893d77a8-083c-4f11-ace0-9dd8602f6561,16
c7a4e539-2eee-4368-9216-2af47514b4ef,714556bd-4ece-4237-b8a6-f9afa274797f,46
5018cc2d-d17d-46a3-95e5-5d3604804983,b8074882-4bbf-4de2-bc7b-6358980f7668,18
4880082c-ce15-4f76-87c3-c543010bb085,262d5fe1-c483-4fdb-b5a7-8097909a6ced,19
5018cc2d-d17d-46a3-95e5-5d3604804983,893d77a8-083c-4f11-ace0-9dd8602f6561,8
bcf1fd68-019e-4156-9891-764a00da9180,8056b8f1-523b-433e-82e1-6a8ffa20fd40,49
0e585341-438c-4b0d-910b-a4a265cee420,b019bfee-0336-4125-8e26-767b4ea10af7,33
b0c15eb6-2a43-4c5f-8058-5b2b61e93299,1e64c9f6-281a-4910-af72-96e9b5c03176,29
ca10d4b5-24c1-4a3b-81f6-e6ee160a5418,443362c5-9053-459b-92fd-7e19db4ef52b,39
c001e669-6bfa-42b3-a15b-650d90b52ece,0feac56d-b036-47b5-b9ac-c450bf29650a,4
23b8d3a7-326a-4a60-bc22-0bfa874354a8,b8074882-4bbf-4de2-bc7b-6358980f7668,29
64801cac-ce58-4324-a96a-9c392b5d1385,2d9205f9-cb97-44e7-bf16-ca2f533fc8df,8
4ce49aba-2144-4aed-9722-835c612ce505,375c30d2-23f3-4b5a-8464-0050ac8775a7,38
b087ab0e-3486-4712-97c4-f70b5800359e,7a0db560-d488-4880-8aa4-461128d12cd3,46
321f212c-82d9-4e7d-89ad-ce14a9dc4be5,0feac56d-b036-47b5-b9ac-c450bf29650a,18
23b8d3a7-326a-4a60-bc22-0bfa874354a8,893d77a8-083c-4f11-ace0-9dd8602f6561,34
c5d461ab-59d9-44c4-b509-61d9037d7916,b019bfee-0336-4125-8e26-767b4ea10af7,3
5fc9d378-f866-49ca-b6af-a516ccba8811,375c30d2-23f3-4b5a-8464-0050ac8775a7,36
c001e669-6bfa-42b3-a15b-650d90b52ece,8056b8f1-523b-433e-82e1-6a8ffa20fd40,38
c5d461ab-59d9-44c4-b509-61d9037d7916,44bebaa1-d12e-4d7e-93ce-657cabe0ae40,8
321f212c-82d9-4e7d-89ad-ce14a9dc4be5,8056b8f1-523b-433e-82e1-6a8ffa20fd40,27
321f212c-82d9-4e7d-89ad-ce14a9dc4be5,2ae0e344-335e-48dc-a979-b6841551cb58,20
93a76885-35f4-4fa6-ad64-d3187d7250ec,2d9205f9-cb97-44e7-bf16-ca2f533fc8df,48
