--
-- PostgreSQL database dump
--

-- Dumped from database version 16.2
-- Dumped by pg_dump version 16.2

SET statement_timeout = 0;
SET lock_timeout = 0;
SET idle_in_transaction_session_timeout = 0;
SET client_encoding = 'UTF8';
SET standard_conforming_strings = on;
SELECT pg_catalog.set_config('search_path', '', false);
SET check_function_bodies = false;
SET xmloption = content;
SET client_min_messages = warning;
SET row_security = off;

SET default_tablespace = '';

SET default_table_access_method = heap;

--
-- Name: q3; Type: TABLE; Schema: public; Owner: postgres
--

CREATE TABLE public.q3 (
    a integer,
    b character varying(255),
    c character varying(255),
    d real,
    e character varying(255)
);


ALTER TABLE public.q3 OWNER TO postgres;

--
-- Name: r1; Type: TABLE; Schema: public; Owner: postgres
--

CREATE TABLE public.r1 (
    a integer NOT NULL,
    e character varying(255)
);


ALTER TABLE public.r1 OWNER TO postgres;

--
-- Name: r21; Type: TABLE; Schema: public; Owner: postgres
--

CREATE TABLE public.r21 (
    b character varying(255) NOT NULL,
    d real
);


ALTER TABLE public.r21 OWNER TO postgres;

--
-- Name: r22; Type: TABLE; Schema: public; Owner: postgres
--

CREATE TABLE public.r22 (
    b character varying(255) NOT NULL,
    a integer NOT NULL,
    c character varying(255)
);


ALTER TABLE public.r22 OWNER TO postgres;

--
-- Data for Name: q3; Type: TABLE DATA; Schema: public; Owner: postgres
--

COPY public.q3 (a, b, c, d, e) FROM stdin;
6771	bar2	0%	905.61	2/5/2024
7010	gizmo6	5%	411.19	2/4/2024
4746	click6	10%	920.85	1/23/2024
4624	bar9	5%	404.6	1/26/2024
9157	mouse9	10%	409.67	1/28/2024
8106	click8	10%	586.15	1/12/2024
4522	bar7	0%	390.54	1/26/2024
4836	mouse6	15%	602.83	1/21/2024
2489	mouse7	15%	101.98	1/19/2024
5617	bar7	10%	390.54	2/3/2024
4848	click2	0%	447.88	2/6/2024
2716	click5	15%	786.05	1/23/2024
9681	bar2	15%	905.61	1/16/2024
2990	bar2	0%	905.61	1/30/2024
3844	bar3	15%	993.6	1/22/2024
5617	gizmo1	0%	908.66	2/3/2024
8744	gizmo1	15%	908.66	1/30/2024
1150	gizmo8	10%	327.95	1/22/2024
5099	click2	10%	447.88	2/7/2024
8106	click4	15%	537.92	1/12/2024
7724	gizmo6	5%	411.19	2/4/2024
3370	click1	10%	729.35	1/30/2024
4653	gizmo2	15%	912.18	1/15/2024
5500	gizmo5	5%	726.52	2/6/2024
9160	mouse9	15%	409.67	1/21/2024
7789	bar3	15%	993.6	2/2/2024
4170	bar6	5%	407.48	1/20/2024
3561	gizmo1	0%	908.66	2/6/2024
8622	bar1	10%	952.98	1/21/2024
1338	mouse2	10%	584.26	1/30/2024
5034	click6	10%	920.85	2/1/2024
6264	bar3	10%	993.6	1/16/2024
4243	mouse3	5%	92.48	2/9/2024
4746	bar9	0%	404.6	1/23/2024
6430	gizmo7	5%	589	1/25/2024
4653	mouse2	0%	584.26	1/15/2024
8067	bar3	15%	993.6	2/11/2024
8744	mouse6	15%	602.83	1/30/2024
7523	mouse1	15%	254.05	1/17/2024
4848	bar1	5%	952.98	2/6/2024
3129	bar5	15%	946.7	1/20/2024
7205	bar3	5%	993.6	2/10/2024
2874	mouse5	0%	54.7	1/23/2024
9826	click4	5%	537.92	1/20/2024
6320	mouse5	10%	54.7	1/14/2024
3129	gizmo2	10%	912.18	1/20/2024
7724	click1	5%	729.35	2/4/2024
4170	mouse1	5%	254.05	1/20/2024
8803	gizmo5	0%	726.52	1/25/2024
7724	click8	0%	586.15	2/4/2024
2203	mouse6	10%	602.83	1/25/2024
8545	gizmo1	0%	908.66	1/20/2024
7523	gizmo4	15%	180.72	1/17/2024
7906	mouse3	10%	92.48	1/19/2024
8450	bar6	15%	407.48	1/31/2024
2874	mouse4	0%	95.43	1/23/2024
5122	mouse6	0%	602.83	1/29/2024
5382	bar7	5%	390.54	1/30/2024
4551	bar9	5%	404.6	1/18/2024
2515	gizmo8	10%	327.95	1/29/2024
5656	mouse1	5%	254.05	2/8/2024
5784	gizmo7	5%	589	1/26/2024
5656	gizmo2	0%	912.18	2/8/2024
8545	bar4	15%	829.56	1/20/2024
9157	bar1	10%	952.98	1/28/2024
4836	bar8	10%	127.03	1/21/2024
7825	bar9	10%	404.6	1/17/2024
5474	mouse1	5%	254.05	1/23/2024
8332	click5	10%	786.05	1/19/2024
4448	bar9	5%	404.6	1/29/2024
5997	click9	10%	482.91	1/30/2024
4210	gizmo4	10%	180.72	2/7/2024
6922	bar3	10%	993.6	1/31/2024
7971	bar7	5%	390.54	2/6/2024
9613	gizmo1	10%	908.66	1/15/2024
3844	mouse3	10%	92.48	1/22/2024
9160	mouse5	0%	54.7	1/21/2024
2479	gizmo7	15%	589	1/21/2024
4787	click6	10%	920.85	2/1/2024
6995	gizmo9	5%	518.66	1/29/2024
9201	mouse7	5%	101.98	1/21/2024
6320	bar4	10%	829.56	1/14/2024
5382	click8	10%	586.15	1/30/2024
9753	mouse8	10%	365	2/2/2024
9157	bar3	10%	993.6	1/28/2024
5244	gizmo8	10%	327.95	1/16/2024
6945	bar6	10%	407.48	2/1/2024
1338	mouse7	15%	101.98	1/30/2024
6264	click5	0%	786.05	1/16/2024
5651	mouse8	0%	365	1/30/2024
4243	mouse1	0%	254.05	2/9/2024
3829	bar7	0%	390.54	1/22/2024
7825	gizmo8	10%	327.95	1/17/2024
6287	click4	15%	537.92	1/17/2024
9681	bar9	15%	404.6	1/16/2024
8316	gizmo3	5%	793.27	2/3/2024
3892	click3	10%	648.65	2/3/2024
5099	mouse8	10%	365	2/7/2024
2203	bar7	15%	390.54	1/25/2024
2970	click8	10%	586.15	1/23/2024
4118	gizmo9	10%	518.66	1/12/2024
3829	click9	15%	482.91	1/22/2024
4118	mouse2	5%	584.26	1/12/2024
7235	gizmo9	5%	518.66	2/6/2024
5507	mouse2	5%	584.26	1/12/2024
4118	gizmo4	0%	180.72	1/12/2024
7232	mouse8	5%	365	2/4/2024
8545	gizmo2	10%	912.18	1/20/2024
9826	bar7	10%	390.54	1/20/2024
2716	gizmo2	5%	912.18	1/23/2024
3829	bar3	15%	993.6	1/22/2024
2489	gizmo8	10%	327.95	1/19/2024
1876	gizmo9	10%	518.66	1/24/2024
4653	mouse1	10%	254.05	1/15/2024
7813	bar6	5%	407.48	1/24/2024
5382	mouse4	10%	95.43	1/30/2024
3829	click8	5%	586.15	1/22/2024
7010	bar4	0%	829.56	2/4/2024
7721	bar7	15%	390.54	1/13/2024
2555	bar7	10%	390.54	2/8/2024
5244	bar8	0%	127.03	1/16/2024
3892	mouse1	0%	254.05	2/3/2024
4522	mouse6	10%	602.83	1/26/2024
7966	click1	15%	729.35	1/24/2024
4836	click6	10%	920.85	1/21/2024
6922	bar9	0%	404.6	1/31/2024
6264	click7	15%	630.29	1/16/2024
4522	gizmo7	5%	589	1/26/2024
8067	mouse6	10%	602.83	2/11/2024
2990	click7	15%	630.29	1/30/2024
1338	bar7	5%	390.54	1/30/2024
2376	click9	5%	482.91	1/15/2024
5017	bar7	5%	390.54	2/7/2024
7523	gizmo2	5%	912.18	1/17/2024
4587	click4	15%	537.92	2/9/2024
7813	bar9	10%	404.6	1/24/2024
5656	mouse6	10%	602.83	2/8/2024
7235	click6	5%	920.85	2/6/2024
4848	gizmo3	0%	793.27	2/6/2024
6320	click6	15%	920.85	1/14/2024
7264	click6	5%	920.85	1/31/2024
5382	mouse2	10%	584.26	1/30/2024
5590	mouse4	10%	95.43	1/21/2024
8622	gizmo2	5%	912.18	1/21/2024
4624	gizmo6	5%	411.19	1/26/2024
2242	mouse6	10%	602.83	1/26/2024
6299	bar4	15%	829.56	2/6/2024
2203	bar6	0%	407.48	1/25/2024
4448	bar5	5%	946.7	1/29/2024
4304	gizmo9	10%	518.66	1/16/2024
6264	gizmo9	10%	518.66	1/16/2024
2555	click7	10%	630.29	2/8/2024
9201	gizmo1	15%	908.66	1/21/2024
6299	click3	5%	648.65	2/6/2024
2479	mouse4	10%	95.43	1/21/2024
4502	gizmo2	10%	912.18	1/30/2024
9826	gizmo7	0%	589	1/20/2024
6945	click1	15%	729.35	2/1/2024
7971	mouse1	0%	254.05	2/6/2024
4502	gizmo6	10%	411.19	1/30/2024
3129	mouse1	5%	254.05	1/20/2024
4410	click2	10%	447.88	1/28/2024
4653	gizmo8	0%	327.95	1/15/2024
6287	click1	15%	729.35	1/17/2024
6771	bar8	10%	127.03	2/5/2024
2970	gizmo5	15%	726.52	1/23/2024
7825	gizmo3	15%	793.27	1/17/2024
4410	bar4	0%	829.56	1/28/2024
4624	click9	0%	482.91	1/26/2024
1016	click8	15%	586.15	1/17/2024
4551	gizmo4	10%	180.72	1/18/2024
2239	bar1	10%	952.98	2/2/2024
9542	gizmo1	0%	908.66	1/18/2024
5507	bar4	15%	829.56	1/12/2024
4304	bar3	10%	993.6	1/16/2024
4653	click2	0%	447.88	1/15/2024
3370	gizmo3	5%	793.27	1/30/2024
2716	gizmo3	5%	793.27	1/23/2024
5997	click6	5%	920.85	1/30/2024
4170	gizmo2	10%	912.18	1/20/2024
4746	mouse8	10%	365	1/23/2024
1338	click1	10%	729.35	1/30/2024
5017	mouse9	10%	409.67	2/7/2024
4551	mouse4	5%	95.43	1/18/2024
7523	click2	10%	447.88	1/17/2024
2716	click8	10%	586.15	1/23/2024
4587	mouse9	10%	409.67	2/9/2024
6578	gizmo7	15%	589	1/27/2024
9157	mouse8	15%	365	1/28/2024
3892	mouse7	5%	101.98	2/3/2024
9753	mouse2	0%	584.26	2/2/2024
9681	mouse2	5%	584.26	1/16/2024
9160	bar4	0%	829.56	1/21/2024
6995	mouse1	10%	254.05	1/29/2024
6995	bar7	5%	390.54	1/29/2024
6922	bar4	10%	829.56	1/31/2024
9826	bar2	10%	905.61	1/20/2024
2242	gizmo6	5%	411.19	1/26/2024
8450	mouse6	10%	602.83	1/31/2024
3892	mouse9	10%	409.67	2/3/2024
3561	gizmo4	10%	180.72	2/6/2024
4170	mouse3	10%	92.48	1/20/2024
5017	click6	10%	920.85	2/7/2024
2242	click3	5%	648.65	1/26/2024
9160	click2	10%	447.88	1/21/2024
4304	gizmo3	0%	793.27	1/16/2024
4848	gizmo6	15%	411.19	2/6/2024
2242	gizmo5	10%	726.52	1/26/2024
6430	gizmo6	0%	411.19	1/25/2024
3282	bar2	15%	905.61	1/16/2024
1338	mouse3	5%	92.48	1/30/2024
5017	gizmo7	15%	589	2/7/2024
7010	mouse8	5%	365	2/4/2024
8106	bar7	15%	390.54	1/12/2024
5017	click1	0%	729.35	2/7/2024
3282	gizmo2	5%	912.18	1/16/2024
7232	bar1	15%	952.98	2/4/2024
3129	gizmo3	0%	793.27	1/20/2024
9542	mouse5	15%	54.7	1/18/2024
4210	click3	10%	648.65	2/7/2024
9017	click6	10%	920.85	2/11/2024
2970	mouse7	10%	101.98	1/23/2024
5034	click4	0%	537.92	2/1/2024
4624	gizmo4	0%	180.72	1/26/2024
9613	click8	10%	586.15	1/15/2024
4502	mouse4	10%	95.43	1/30/2024
5474	gizmo6	5%	411.19	1/23/2024
7813	click2	15%	447.88	1/24/2024
1150	bar2	15%	905.61	1/22/2024
5651	click5	15%	786.05	1/30/2024
5997	gizmo2	10%	912.18	1/30/2024
5500	mouse3	0%	92.48	2/6/2024
7232	mouse1	10%	254.05	2/4/2024
6945	mouse9	0%	409.67	2/1/2024
3539	click5	5%	786.05	1/15/2024
3282	gizmo8	10%	327.95	1/16/2024
4243	click9	10%	482.91	2/9/2024
6578	bar8	10%	127.03	1/27/2024
5656	mouse3	15%	92.48	2/8/2024
4787	gizmo8	10%	327.95	2/1/2024
4170	mouse6	5%	602.83	1/20/2024
9681	mouse5	15%	54.7	1/16/2024
4551	gizmo9	0%	518.66	1/18/2024
7232	gizmo7	5%	589	2/4/2024
4410	gizmo3	10%	793.27	1/28/2024
4448	gizmo3	0%	793.27	1/29/2024
2376	bar3	5%	993.6	1/15/2024
9160	click4	15%	537.92	1/21/2024
7825	bar1	5%	952.98	1/17/2024
7971	bar2	5%	905.61	2/6/2024
4243	mouse9	10%	409.67	2/9/2024
7232	click8	0%	586.15	2/4/2024
7010	click2	15%	447.88	2/4/2024
9542	mouse3	15%	92.48	1/18/2024
6578	gizmo5	5%	726.52	1/27/2024
6320	gizmo9	15%	518.66	1/14/2024
6299	mouse4	10%	95.43	2/6/2024
9753	bar1	10%	952.98	2/2/2024
7813	click3	0%	648.65	1/24/2024
6287	bar5	15%	946.7	1/17/2024
9826	mouse3	10%	92.48	1/20/2024
5382	click4	0%	537.92	1/30/2024
7906	mouse6	5%	602.83	1/19/2024
9201	gizmo3	5%	793.27	1/21/2024
6771	click1	0%	729.35	2/5/2024
8986	gizmo9	5%	518.66	2/1/2024
3892	bar4	15%	829.56	2/3/2024
4624	gizmo9	15%	518.66	1/26/2024
4848	gizmo8	10%	327.95	2/6/2024
4836	mouse8	10%	365	1/21/2024
2479	gizmo5	5%	726.52	1/21/2024
5656	bar2	10%	905.61	2/8/2024
6897	gizmo1	10%	908.66	1/13/2024
5617	bar2	5%	905.61	2/3/2024
6299	gizmo8	10%	327.95	2/6/2024
3370	click6	5%	920.85	1/30/2024
5651	click6	5%	920.85	1/30/2024
7825	mouse9	0%	409.67	1/17/2024
4243	click6	10%	920.85	2/9/2024
2555	mouse1	5%	254.05	2/8/2024
4410	mouse8	15%	365	1/28/2024
8450	click9	10%	482.91	1/31/2024
5651	bar1	5%	952.98	1/30/2024
7721	click7	0%	630.29	1/13/2024
7010	bar3	10%	993.6	2/4/2024
8803	bar8	0%	127.03	1/25/2024
2970	mouse2	10%	584.26	1/23/2024
7906	bar1	5%	952.98	1/19/2024
2874	bar2	10%	905.61	1/23/2024
3129	gizmo1	0%	908.66	1/20/2024
4502	click2	10%	447.88	1/30/2024
6299	click2	0%	447.88	2/6/2024
7235	gizmo8	10%	327.95	2/6/2024
1876	mouse4	5%	95.43	1/24/2024
\.


--
-- Data for Name: r1; Type: TABLE DATA; Schema: public; Owner: postgres
--

COPY public.r1 (a, e) FROM stdin;
2515	1/29/2024
2489	1/19/2024
5034	2/1/2024
4243	2/9/2024
7789	2/2/2024
8744	1/30/2024
2990	1/30/2024
4410	1/28/2024
5244	1/16/2024
8332	1/19/2024
5656	2/8/2024
7010	2/4/2024
7906	1/19/2024
4848	2/6/2024
5507	1/12/2024
4210	2/7/2024
7813	1/24/2024
9681	1/16/2024
2874	1/23/2024
7971	2/6/2024
9826	1/20/2024
4304	1/16/2024
3829	1/22/2024
8316	2/3/2024
4653	1/15/2024
6430	1/25/2024
5784	1/26/2024
2239	2/2/2024
6320	1/14/2024
5617	2/3/2024
8450	1/31/2024
4448	1/29/2024
9753	2/2/2024
7523	1/17/2024
9160	1/21/2024
2376	1/15/2024
6299	2/6/2024
3129	1/20/2024
8622	1/21/2024
7721	1/13/2024
8803	1/25/2024
8067	2/11/2024
7966	1/24/2024
4522	1/26/2024
5590	1/21/2024
1338	1/30/2024
2716	1/23/2024
2479	1/21/2024
8986	2/1/2024
9542	1/18/2024
5997	1/30/2024
3282	1/16/2024
7232	2/4/2024
2970	1/23/2024
8106	1/12/2024
1016	1/17/2024
2242	1/26/2024
9017	2/11/2024
4118	1/12/2024
6922	1/31/2024
4587	2/9/2024
6897	1/13/2024
7205	2/10/2024
6771	2/5/2024
2555	2/8/2024
6264	1/16/2024
5651	1/30/2024
8545	1/20/2024
5099	2/7/2024
4502	1/30/2024
9201	1/21/2024
4624	1/26/2024
7264	1/31/2024
3370	1/30/2024
5382	1/30/2024
5017	2/7/2024
6945	2/1/2024
4787	2/1/2024
5500	2/6/2024
6287	1/17/2024
7825	1/17/2024
4551	1/18/2024
4746	1/23/2024
5474	1/23/2024
9157	1/28/2024
3844	1/22/2024
7724	2/4/2024
1876	1/24/2024
9613	1/15/2024
3561	2/6/2024
1150	1/22/2024
7235	2/6/2024
4836	1/21/2024
4170	1/20/2024
2203	1/25/2024
6578	1/27/2024
3892	2/3/2024
3539	1/15/2024
6995	1/29/2024
5122	1/29/2024
\.


--
-- Data for Name: r21; Type: TABLE DATA; Schema: public; Owner: postgres
--

COPY public.r21 (b, d) FROM stdin;
gizmo5	726.52
bar3	993.6
bar6	407.48
bar2	905.61
bar8	127.03
gizmo7	589
gizmo8	327.95
gizmo2	912.18
bar9	404.6
mouse7	101.98
mouse1	254.05
gizmo1	908.66
click2	447.88
gizmo3	793.27
click5	786.05
gizmo9	518.66
click6	920.85
click4	537.92
mouse8	365
bar7	390.54
bar5	946.7
bar1	952.98
mouse3	92.48
click3	648.65
mouse4	95.43
gizmo6	411.19
bar4	829.56
mouse9	409.67
gizmo4	180.72
click7	630.29
mouse5	54.7
mouse2	584.26
click1	729.35
click8	586.15
mouse6	602.83
click9	482.91
\.


--
-- Data for Name: r22; Type: TABLE DATA; Schema: public; Owner: postgres
--

COPY public.r22 (b, a, c) FROM stdin;
gizmo2	2716	5%
mouse4	1876	5%
gizmo6	6430	0%
mouse3	4243	5%
click8	2716	10%
click1	7724	5%
gizmo4	4118	0%
mouse6	8744	15%
click8	1016	15%
gizmo1	8744	15%
gizmo9	1876	10%
bar7	5017	5%
mouse4	2874	0%
mouse8	9753	10%
bar2	6771	0%
click6	3370	5%
click2	6299	0%
click3	7813	0%
click1	6287	15%
bar3	3829	15%
bar6	4170	5%
click2	7010	15%
gizmo3	7825	15%
mouse8	7010	5%
bar9	4624	5%
gizmo3	4304	0%
click4	9826	5%
mouse6	4522	10%
bar9	4448	5%
bar4	9160	0%
click6	6320	15%
bar7	5617	10%
gizmo2	4170	10%
mouse4	6299	10%
mouse4	4502	10%
mouse2	9753	0%
gizmo4	3561	10%
mouse9	9157	10%
bar7	1338	5%
bar5	4448	5%
mouse9	4243	10%
gizmo6	4848	15%
bar6	6945	10%
click3	3892	10%
click7	2990	15%
bar4	6320	10%
mouse5	9160	0%
gizmo8	3282	10%
mouse9	3892	10%
mouse8	5099	10%
mouse3	9826	10%
mouse8	7232	5%
click6	5997	5%
mouse3	9542	15%
mouse1	4653	10%
gizmo5	8803	0%
bar2	5656	10%
bar3	4304	10%
gizmo7	7232	5%
bar7	4522	0%
click6	5034	10%
click2	4502	10%
bar3	7789	15%
mouse5	9681	15%
click5	6264	0%
click1	7966	15%
gizmo8	1150	10%
click8	8106	10%
gizmo9	4624	15%
mouse2	9681	5%
click1	6945	15%
gizmo1	3561	0%
click9	4624	0%
mouse5	9542	15%
gizmo2	8622	5%
mouse6	5122	0%
mouse2	1338	10%
bar3	2376	5%
bar3	9157	10%
click5	5651	15%
gizmo6	5474	5%
click6	7235	5%
bar3	6922	10%
bar2	7971	5%
bar5	3129	15%
mouse4	4551	5%
gizmo4	4551	10%
bar4	4410	0%
gizmo6	7724	5%
bar1	9157	10%
click2	5099	10%
bar4	6922	10%
mouse3	5500	0%
mouse1	6995	10%
mouse4	5590	10%
gizmo6	7010	5%
click6	4787	10%
bar9	4551	5%
bar8	8803	0%
bar1	9753	10%
gizmo7	9826	0%
mouse9	7825	0%
click5	2716	15%
click6	5651	5%
mouse1	2555	5%
gizmo2	8545	10%
gizmo2	5997	10%
gizmo8	2489	10%
gizmo8	4787	10%
gizmo1	3129	0%
gizmo9	4551	0%
gizmo9	6264	10%
gizmo8	2515	10%
click2	4848	0%
bar9	6922	0%
gizmo9	4118	10%
mouse6	4170	5%
bar7	9826	10%
click8	5382	10%
bar6	7813	5%
gizmo1	9613	10%
mouse8	4410	15%
bar1	7825	5%
mouse6	5656	10%
mouse4	2479	10%
mouse7	1338	15%
gizmo3	4448	0%
mouse2	4653	0%
bar1	4848	5%
bar8	6578	10%
click9	4243	10%
gizmo1	5617	0%
mouse6	4836	15%
click6	4836	10%
gizmo3	2716	5%
mouse4	5382	10%
gizmo7	6430	5%
gizmo8	7235	10%
click9	2376	5%
click2	7813	15%
bar1	2239	10%
gizmo9	8986	5%
gizmo5	2970	15%
bar6	8450	15%
mouse5	2874	0%
bar1	7906	5%
bar7	7721	15%
click3	4210	10%
gizmo1	9201	15%
mouse6	8067	10%
mouse2	5382	10%
gizmo9	6995	5%
click4	4587	15%
gizmo7	4522	5%
bar8	6771	10%
mouse8	5651	0%
click8	7724	0%
mouse9	9160	15%
gizmo3	3129	0%
bar4	7010	0%
click7	7721	0%
mouse1	5474	5%
gizmo9	6320	15%
click5	3539	5%
click2	4653	0%
bar5	6287	15%
gizmo8	4848	10%
click5	8332	10%
gizmo5	6578	5%
gizmo8	7825	10%
gizmo2	4502	10%
gizmo6	2242	5%
bar3	6264	10%
bar7	2555	10%
gizmo8	4653	0%
mouse1	7523	15%
bar1	8622	10%
bar2	5617	5%
click3	6299	5%
gizmo3	4410	10%
gizmo2	3282	5%
bar3	8067	15%
mouse1	4243	0%
click2	4410	10%
gizmo4	7523	15%
bar2	2874	10%
mouse1	5656	5%
click8	9613	10%
gizmo1	9542	0%
click8	3829	5%
click6	9017	10%
gizmo5	2242	10%
click7	6264	15%
mouse2	4118	5%
bar7	7971	5%
mouse1	3892	0%
gizmo7	6578	15%
click1	3370	10%
click3	2242	5%
click8	7232	0%
bar7	8106	15%
gizmo2	7523	5%
gizmo7	5784	5%
click9	8450	10%
click2	9160	10%
click1	5017	0%
bar9	9681	15%
mouse3	7906	10%
mouse6	2242	10%
gizmo8	5244	10%
bar3	3844	15%
click1	6771	0%
click9	3829	15%
bar7	2203	15%
gizmo9	4304	10%
bar2	9826	10%
gizmo2	4653	15%
mouse2	2970	10%
click4	9160	15%
bar4	5507	15%
click4	5382	0%
mouse7	2489	15%
click2	7523	10%
mouse3	1338	5%
click4	6287	15%
bar3	7205	5%
gizmo4	4624	0%
gizmo1	8545	0%
mouse7	3892	5%
click6	7264	5%
mouse9	4587	10%
click8	2970	10%
bar7	3829	0%
bar3	7010	10%
mouse6	7906	5%
mouse9	6945	0%
gizmo8	6299	10%
mouse8	4836	10%
mouse3	5656	15%
mouse3	3844	10%
bar9	4746	0%
bar8	5244	0%
bar4	3892	15%
click1	1338	10%
bar4	8545	15%
gizmo3	8316	5%
bar9	7825	10%
mouse1	7971	0%
gizmo5	2479	5%
gizmo3	3370	5%
mouse6	2203	10%
bar8	4836	10%
bar7	5382	5%
bar2	9681	15%
click9	5997	10%
gizmo1	6897	10%
mouse6	8450	10%
click4	5034	0%
gizmo7	5017	15%
bar2	1150	15%
click6	5017	10%
mouse1	7232	10%
bar9	7813	10%
bar1	7232	15%
gizmo9	7235	5%
gizmo6	4624	5%
mouse1	4170	5%
click4	8106	15%
mouse8	4746	10%
bar2	2990	0%
mouse8	9157	15%
gizmo6	4502	10%
gizmo2	3129	10%
bar6	2203	0%
gizmo3	9201	5%
bar7	6995	5%
mouse7	2970	10%
gizmo3	4848	0%
mouse2	5507	5%
gizmo5	5500	5%
bar4	6299	15%
click6	4746	10%
mouse3	4170	10%
bar1	5651	5%
mouse7	9201	5%
mouse9	5017	10%
click7	2555	10%
bar2	3282	15%
click6	4243	10%
gizmo7	2479	15%
mouse1	3129	5%
gizmo4	4210	10%
gizmo2	5656	0%
mouse5	6320	10%
\.


--
-- Name: r1 r1_pkey; Type: CONSTRAINT; Schema: public; Owner: postgres
--

ALTER TABLE ONLY public.r1
    ADD CONSTRAINT r1_pkey PRIMARY KEY (a);


--
-- Name: r21 r21_d_key; Type: CONSTRAINT; Schema: public; Owner: postgres
--

ALTER TABLE ONLY public.r21
    ADD CONSTRAINT r21_d_key UNIQUE (d);


--
-- Name: r21 r21_pkey; Type: CONSTRAINT; Schema: public; Owner: postgres
--

ALTER TABLE ONLY public.r21
    ADD CONSTRAINT r21_pkey PRIMARY KEY (b);


--
-- Name: r22 r22_pkey; Type: CONSTRAINT; Schema: public; Owner: postgres
--

ALTER TABLE ONLY public.r22
    ADD CONSTRAINT r22_pkey PRIMARY KEY (a, b);


--
-- Name: r22 r22_a_fkey; Type: FK CONSTRAINT; Schema: public; Owner: postgres
--

ALTER TABLE ONLY public.r22
    ADD CONSTRAINT r22_a_fkey FOREIGN KEY (a) REFERENCES public.r1(a);


--
-- Name: r22 r22_b_fkey; Type: FK CONSTRAINT; Schema: public; Owner: postgres
--

ALTER TABLE ONLY public.r22
    ADD CONSTRAINT r22_b_fkey FOREIGN KEY (b) REFERENCES public.r21(b);


--
-- PostgreSQL database dump complete
--

